-- MySQL dump 10.13  Distrib 8.0.39, for Linux (x86_64)
--
-- Host: localhost    Database: crm
-- ------------------------------------------------------
-- Server version	8.0.39-0ubuntu0.22.04.1

/*!40101 SET @OLD_CHARACTER_SET_CLIENT=@@CHARACTER_SET_CLIENT */;
/*!40101 SET @OLD_CHARACTER_SET_RESULTS=@@CHARACTER_SET_RESULTS */;
/*!40101 SET @OLD_COLLATION_CONNECTION=@@COLLATION_CONNECTION */;
/*!50503 SET NAMES utf8mb4 */;
/*!40103 SET @OLD_TIME_ZONE=@@TIME_ZONE */;
/*!40103 SET TIME_ZONE='+00:00' */;
/*!40014 SET @OLD_UNIQUE_CHECKS=@@UNIQUE_CHECKS, UNIQUE_CHECKS=0 */;
/*!40014 SET @OLD_FOREIGN_KEY_CHECKS=@@FOREIGN_KEY_CHECKS, FOREIGN_KEY_CHECKS=0 */;
/*!40101 SET @OLD_SQL_MODE=@@SQL_MODE, SQL_MODE='NO_AUTO_VALUE_ON_ZERO' */;
/*!40111 SET @OLD_SQL_NOTES=@@SQL_NOTES, SQL_NOTES=0 */;

--
-- Table structure for table `crm_activity`
--

DROP TABLE IF EXISTS `crm_activity`;
/*!40101 SET @saved_cs_client     = @@character_set_client */;
/*!50503 SET character_set_client = utf8mb4 */;
CREATE TABLE `crm_activity` (
  `id` int NOT NULL AUTO_INCREMENT,
  `call_recording_type` varchar(255) DEFAULT NULL,
  `note_type` text,
  `employed_id` int DEFAULT NULL,
  `lead_id` varchar(255) DEFAULT NULL,
  `lead_status_id` int DEFAULT NULL,
  `timesnap` datetime DEFAULT CURRENT_TIMESTAMP,
  PRIMARY KEY (`id`),
  KEY `crm_activity_ibfk1_idx` (`employed_id`),
  KEY `crm_activity_ibfk2_idx` (`lead_id`),
  KEY `crm_statuspkfk_idx` (`lead_status_id`),
  CONSTRAINT `crm_statuspkfk` FOREIGN KEY (`lead_status_id`) REFERENCES `crm_lead_status` (`id`)
) ENGINE=InnoDB AUTO_INCREMENT=78 DEFAULT CHARSET=utf8mb4 COLLATE=utf8mb4_0900_ai_ci;
/*!40101 SET character_set_client = @saved_cs_client */;

--
-- Dumping data for table `crm_activity`
--

LOCK TABLES `crm_activity` WRITE;
/*!40000 ALTER TABLE `crm_activity` DISABLE KEYS */;
INSERT INTO `crm_activity` VALUES (1,NULL,'wrong number ',903137,'16',6,'2024-03-24 11:39:41'),(2,NULL,'male candidate',903137,'9',6,'2024-03-24 11:46:38'),(3,NULL,'male candidate',903137,'10',6,'2024-03-24 11:47:24'),(4,NULL,'male candidate',903137,'11',6,'2024-03-24 11:47:47'),(5,NULL,'male candidate',903137,'12',6,'2024-03-24 11:51:01'),(6,NULL,'doing masters ',903137,'13',3,'2024-03-24 11:52:28'),(7,NULL,'she is interested will send the resume ',903137,'14',7,'2024-03-24 11:58:33'),(8,NULL,'NOT INTERESTED',903137,'6',6,'2024-03-24 12:13:09'),(9,NULL,'MALE CANDIDATE',903137,'15',6,'2024-03-24 12:15:33'),(10,NULL,'MALE CANDIDATE',903137,'17',6,'2024-03-24 12:15:46'),(11,NULL,'MALE CANDIDATE',903137,'18',6,'2024-03-24 12:16:00'),(12,NULL,'WILL SEND THE RESUME SOON ',903137,'21',7,'2024-03-24 14:54:00'),(13,NULL,'MALE CANDIDATE',903137,'20',6,'2024-03-24 14:54:29'),(14,NULL,'MALE CANDIDATE',903137,'23',6,'2024-03-24 17:28:37'),(15,NULL,'MALE CANDIDATE',903137,'24',6,'2024-03-24 17:28:52'),(16,NULL,'MALE CANDIDATE',903137,'31',6,'2024-03-24 17:29:09'),(17,NULL,'MALE CANDIDATE',903137,'32',6,'2024-03-24 17:29:21'),(18,NULL,'disconnect the call immedeatly',903137,'3',9,'2024-03-25 10:51:11'),(19,NULL,'send resume ',903137,'49',7,'2024-03-25 11:47:43'),(20,NULL,'not interested now ',903137,'89',6,'2024-03-25 14:44:26'),(21,NULL,'MALE CANDIDATE',903137,'95',6,'2024-03-25 14:57:51'),(22,NULL,'WILL SEND THE RESUME ',903137,'93',7,'2024-03-25 15:12:29'),(23,NULL,'NOT INTERESTED ',903137,'86',6,'2024-03-25 15:20:58'),(24,NULL,'ALREADY IN GOVT JOB ',903137,'99',6,'2024-03-25 15:51:41'),(25,NULL,'NOT INTERESTED ',903137,'33',6,'2024-03-26 10:52:12'),(26,NULL,'NOT INTERESTED',903137,'41',6,'2024-03-26 11:01:29'),(27,NULL,'NOT INTERESTED',903137,'47',6,'2024-03-26 11:04:40'),(28,NULL,'NOT INTERESTED',903137,'59',6,'2024-03-26 11:48:00'),(29,NULL,'NEED TO FOLLOW UP ',903137,'65',8,'2024-03-26 11:59:23'),(30,NULL,'NOT INTERESTED',903137,'68',6,'2024-03-26 12:09:46'),(31,NULL,'WILL SEND RESUME INTERESTED FOR QATAR',903137,'110',7,'2024-03-26 15:57:29'),(32,NULL,'not interested',903137,'111',6,'2024-03-26 18:41:46'),(33,NULL,'not interested ',903137,'289',6,'2024-03-27 10:52:11'),(34,NULL,'male candidate',903137,'288',6,'2024-03-27 10:53:42'),(35,NULL,'wrong number ',903137,'287',9,'2024-03-27 10:55:02'),(36,NULL,'male candidate',903137,'286',6,'2024-03-27 10:55:34'),(37,NULL,'not interested',903137,'283',6,'2024-03-27 11:00:40'),(38,NULL,'male candidate',903137,'274',6,'2024-03-27 11:05:20'),(39,NULL,'not interested',903137,'273',6,'2024-03-27 11:26:33'),(40,NULL,'male candidate ',903137,'271',6,'2024-03-27 11:31:02'),(41,NULL,'MALE CANDIDATE',903137,'281',6,'2024-03-27 14:09:22'),(42,NULL,'	MALE CANDIDATE',903137,'278',6,'2024-03-27 14:09:42'),(43,NULL,'	MALE CANDIDATE',903137,'276',6,'2024-03-27 14:09:57'),(44,NULL,'	MALE CANDIDATE',903137,'275',6,'2024-03-27 14:10:09'),(45,NULL,'	MALE CANDIDATE',903137,'269',6,'2024-03-27 14:10:24'),(46,NULL,'	MALE CANDIDATE',903137,'268',6,'2024-03-27 14:10:39'),(47,NULL,'	MALE CANDIDATE',903137,'265',6,'2024-03-27 14:10:51'),(48,NULL,'	MALE CANDIDATE',903137,'260',6,'2024-03-27 14:11:03'),(49,NULL,'WILL SEND THE RESUME ',903137,'282',7,'2024-03-27 15:19:26'),(50,NULL,'not interested',903137,'272',6,'2024-03-27 16:04:00'),(51,NULL,'not interested',903137,'270',6,'2024-03-27 17:14:06'),(52,NULL,'WILL SEND THE RESUME ',903137,'264',7,'2024-03-28 11:18:37'),(53,NULL,'RECEIVED DOCUMENTS ',903137,'264',7,'2024-03-28 11:23:45'),(54,NULL,'MALE CANDIDATE',903137,'263',6,'2024-03-28 11:27:09'),(55,NULL,'WILL SEND THE RESUME IN ONE HOUR',903137,'261',7,'2024-03-28 11:56:09'),(56,NULL,'MALE CANDIDATE',903137,'258',6,'2024-03-28 14:31:53'),(57,NULL,'MALE CANDIDATE',903137,'254',6,'2024-03-28 14:42:14'),(58,NULL,'MALE CANDIDATE',903137,'253',6,'2024-03-28 14:44:30'),(59,NULL,'MALE CANDIDATE ',903137,'249',6,'2024-03-28 15:57:27'),(60,NULL,'NOT INTERESTED',903137,'279',6,'2024-03-28 18:15:17'),(61,NULL,'NOT INTERESTED',903137,'48',6,'2024-03-30 11:56:14'),(62,NULL,'NOT INTERESTED ',903137,'82',6,'2024-03-30 14:12:14'),(63,NULL,'WILL SEND RESUME IN HALF N HOUR',903137,'94',7,'2024-03-30 14:59:10'),(64,NULL,'WILL SEND THE RESUME IN HALF N HOUR',903137,'107',7,'2024-03-30 16:20:12'),(65,NULL,'WILL CALL 4.30PM',903137,'76',8,'2024-04-03 11:51:46'),(66,NULL,'DOING Msc NURSING ',903137,'83',6,'2024-04-03 12:00:53'),(67,NULL,'5pm need to call back',903137,'106',8,'2024-04-03 15:14:24'),(68,NULL,'will share here resume ',903137,'237',7,'2024-04-04 10:47:45'),(69,NULL,'not interested',903137,'239',6,'2024-04-04 10:54:15'),(70,NULL,'not interested',903137,'29',6,'2024-04-04 10:59:15'),(71,NULL,'will send the resume ',903137,'76',7,'2024-04-04 11:06:54'),(72,NULL,'SEND RESUME ',903137,'34',7,'2024-04-05 16:31:30'),(73,NULL,'not interested in aboard',903137,'92',6,'2024-05-13 18:04:56'),(74,NULL,'will send the resume ',903137,'97',8,'2024-05-13 18:11:09'),(75,NULL,'not interested',903137,'113',6,'2024-05-13 18:56:16'),(76,NULL,'not interested',903137,'65',6,'2024-05-14 14:06:14'),(77,NULL,'demo fixed',903137,'14',12,'2024-06-21 11:05:44');
/*!40000 ALTER TABLE `crm_activity` ENABLE KEYS */;
UNLOCK TABLES;

--
-- Table structure for table `crm_attribute`
--

DROP TABLE IF EXISTS `crm_attribute`;
/*!40101 SET @saved_cs_client     = @@character_set_client */;
/*!50503 SET character_set_client = utf8mb4 */;
CREATE TABLE `crm_attribute` (
  `employed_id` int DEFAULT NULL,
  `lead_id` int NOT NULL AUTO_INCREMENT,
  `lead_source_id` int DEFAULT NULL,
  `lead_entry_date` timestamp NULL DEFAULT CURRENT_TIMESTAMP,
  KEY `crm_attribut_ibfk1_idx` (`employed_id`),
  KEY `crm_attribut_ibfk1_idx1` (`lead_id`),
  KEY `crm_attribut_ibfk3_idx` (`lead_source_id`)
) ENGINE=InnoDB AUTO_INCREMENT=932 DEFAULT CHARSET=utf8mb4 COLLATE=utf8mb4_0900_ai_ci;
/*!40101 SET character_set_client = @saved_cs_client */;

--
-- Dumping data for table `crm_attribute`
--

LOCK TABLES `crm_attribute` WRITE;
/*!40000 ALTER TABLE `crm_attribute` DISABLE KEYS */;
INSERT INTO `crm_attribute` VALUES (903137,1,NULL,'2024-03-23 12:36:50'),(903137,2,NULL,'2024-03-23 12:36:50'),(903137,3,NULL,'2024-03-23 12:36:50'),(903137,4,NULL,'2024-03-23 12:36:50'),(903137,5,NULL,'2024-03-23 12:36:50'),(903137,6,NULL,'2024-03-23 12:36:50'),(903137,7,NULL,'2024-03-23 12:36:50'),(903137,8,NULL,'2024-03-23 12:36:50'),(903137,9,NULL,'2024-03-23 12:36:50'),(903137,10,NULL,'2024-03-23 12:36:50'),(903137,11,NULL,'2024-03-23 12:36:50'),(903137,12,NULL,'2024-03-23 12:36:50'),(903137,13,NULL,'2024-03-23 12:36:50'),(903137,14,NULL,'2024-03-23 12:36:50'),(903137,15,NULL,'2024-03-23 12:36:50'),(903137,16,NULL,'2024-03-23 12:36:50'),(903137,17,NULL,'2024-03-23 12:36:50'),(903137,18,NULL,'2024-03-23 12:36:50'),(903137,19,NULL,'2024-03-23 12:36:50'),(903137,20,NULL,'2024-03-23 12:36:50'),(903137,21,NULL,'2024-03-23 12:36:50'),(903137,22,NULL,'2024-03-23 12:36:50'),(903137,23,NULL,'2024-03-23 12:36:50'),(903137,24,NULL,'2024-03-23 12:36:50'),(903137,25,NULL,'2024-03-23 12:36:50'),(903137,26,NULL,'2024-03-23 12:36:50'),(903137,27,NULL,'2024-03-23 12:36:50'),(903137,28,NULL,'2024-03-23 12:36:50'),(903137,29,NULL,'2024-03-23 12:36:50'),(903137,30,NULL,'2024-03-23 12:36:50'),(903137,31,NULL,'2024-03-23 12:36:50'),(903137,32,NULL,'2024-03-23 12:36:50'),(903137,33,NULL,'2024-03-23 12:36:50'),(903137,34,NULL,'2024-03-23 12:36:50'),(903137,35,NULL,'2024-03-23 12:36:50'),(903137,36,NULL,'2024-03-23 12:36:50'),(903137,37,NULL,'2024-03-23 12:36:50'),(903137,38,NULL,'2024-03-23 12:36:50'),(903137,39,NULL,'2024-03-23 12:36:50'),(903137,40,NULL,'2024-03-23 12:36:50'),(903137,41,NULL,'2024-03-23 12:36:50'),(903137,42,NULL,'2024-03-23 12:36:50'),(903137,43,NULL,'2024-03-23 12:36:50'),(903137,44,NULL,'2024-03-23 12:36:50'),(903137,45,NULL,'2024-03-23 12:36:50'),(903137,46,NULL,'2024-03-23 12:36:50'),(903137,47,NULL,'2024-03-23 12:36:50'),(903137,48,NULL,'2024-03-23 12:36:50'),(903137,49,NULL,'2024-03-23 12:36:50'),(903137,50,NULL,'2024-03-23 12:36:50'),(903137,51,NULL,'2024-03-23 12:36:50'),(903137,52,NULL,'2024-03-23 12:36:50'),(903137,53,NULL,'2024-03-23 12:36:50'),(903137,54,NULL,'2024-03-23 12:36:50'),(903137,55,NULL,'2024-03-23 12:36:50'),(903137,56,NULL,'2024-03-23 12:36:50'),(903137,57,NULL,'2024-03-23 12:36:50'),(903137,58,NULL,'2024-03-23 12:36:50'),(903137,59,NULL,'2024-03-23 12:36:50'),(903137,60,NULL,'2024-03-23 12:36:50'),(903137,61,NULL,'2024-03-23 12:36:50'),(903137,62,NULL,'2024-03-23 12:36:50'),(903137,63,NULL,'2024-03-23 12:36:50'),(903137,64,NULL,'2024-03-23 12:36:50'),(903137,65,NULL,'2024-03-23 12:36:50'),(903137,66,NULL,'2024-03-23 12:36:50'),(903137,67,NULL,'2024-03-23 12:36:50'),(903137,68,NULL,'2024-03-23 12:36:50'),(903137,69,NULL,'2024-03-23 12:36:50'),(903137,70,NULL,'2024-03-23 12:36:50'),(903137,71,NULL,'2024-03-23 12:36:50'),(903137,72,NULL,'2024-03-23 12:36:50'),(903137,73,NULL,'2024-03-23 12:36:50'),(903137,74,NULL,'2024-03-23 12:36:50'),(903137,75,NULL,'2024-03-23 12:36:50'),(903137,76,NULL,'2024-03-23 12:36:50'),(903137,77,NULL,'2024-03-23 12:36:50'),(903137,78,NULL,'2024-03-23 12:36:50'),(903137,79,NULL,'2024-03-23 12:36:50'),(903137,80,NULL,'2024-03-23 12:36:50'),(903137,81,NULL,'2024-03-23 12:36:50'),(903137,82,NULL,'2024-03-23 12:36:50'),(903137,83,NULL,'2024-03-23 12:36:50'),(903137,84,NULL,'2024-03-23 12:36:50'),(903137,85,NULL,'2024-03-23 12:36:50'),(903137,86,NULL,'2024-03-23 12:36:50'),(903137,87,NULL,'2024-03-23 12:36:50'),(903137,88,NULL,'2024-03-23 12:36:50'),(903137,89,NULL,'2024-03-23 12:36:50'),(903137,90,NULL,'2024-03-23 12:36:50'),(903137,91,NULL,'2024-03-23 12:36:50'),(903137,92,NULL,'2024-03-23 12:36:50'),(903137,93,NULL,'2024-03-23 12:36:50'),(903137,94,NULL,'2024-03-23 12:36:50'),(903137,95,NULL,'2024-03-23 12:36:50'),(903137,96,NULL,'2024-03-23 12:36:50'),(903137,97,NULL,'2024-03-23 12:36:50'),(903137,98,NULL,'2024-03-23 12:36:50'),(903137,99,NULL,'2024-03-23 12:36:50'),(903137,100,NULL,'2024-03-23 12:36:50'),(903137,101,NULL,'2024-03-23 12:36:50'),(903137,102,NULL,'2024-03-23 12:36:50'),(903137,103,NULL,'2024-03-23 12:36:50'),(903137,104,NULL,'2024-03-23 12:36:50'),(903137,105,NULL,'2024-03-23 12:36:50'),(903137,106,NULL,'2024-03-23 12:36:50'),(903137,107,NULL,'2024-03-23 12:36:50'),(903137,108,NULL,'2024-03-23 12:36:50'),(903137,109,NULL,'2024-03-23 12:36:50'),(903137,110,NULL,'2024-03-23 12:36:50'),(903137,111,NULL,'2024-03-23 12:36:50'),(903137,112,NULL,'2024-03-23 12:36:50'),(903137,113,NULL,'2024-03-23 12:36:50'),(903137,114,NULL,'2024-03-23 12:36:50'),(903137,115,NULL,'2024-03-23 12:36:50'),(903137,116,NULL,'2024-03-23 12:36:50'),(903137,117,NULL,'2024-03-23 12:36:50'),(903137,118,NULL,'2024-03-23 12:36:50'),(903137,119,NULL,'2024-03-23 12:36:50'),(903137,120,NULL,'2024-03-23 12:36:50'),(903137,121,NULL,'2024-03-23 12:36:50'),(903137,122,NULL,'2024-03-23 12:36:50'),(903137,123,NULL,'2024-03-23 12:36:50'),(903137,124,NULL,'2024-03-23 12:36:50'),(903137,125,NULL,'2024-03-23 12:36:50'),(903137,126,NULL,'2024-03-23 12:36:50'),(903137,127,NULL,'2024-03-23 12:36:50'),(903137,128,NULL,'2024-03-23 12:36:50'),(903137,129,NULL,'2024-03-23 12:36:50'),(903137,130,NULL,'2024-03-23 12:36:50'),(903137,131,NULL,'2024-03-23 12:36:50'),(903137,132,NULL,'2024-03-23 12:36:50'),(903137,133,NULL,'2024-03-23 12:36:50'),(903137,134,NULL,'2024-03-23 12:36:50'),(903137,135,NULL,'2024-03-23 12:36:50'),(903137,136,NULL,'2024-03-23 12:36:50'),(903137,137,NULL,'2024-03-23 12:36:50'),(903137,138,NULL,'2024-03-23 12:36:50'),(903137,139,NULL,'2024-03-23 12:36:50'),(903137,140,NULL,'2024-03-23 12:36:50'),(903137,141,NULL,'2024-03-23 12:36:50'),(903137,142,NULL,'2024-03-23 12:36:50'),(903137,143,NULL,'2024-03-23 12:36:50'),(903137,144,NULL,'2024-03-23 12:36:50'),(903137,145,NULL,'2024-03-23 12:36:50'),(903137,146,NULL,'2024-03-23 12:36:50'),(903137,147,NULL,'2024-03-23 12:36:50'),(903137,148,NULL,'2024-03-23 12:36:50'),(903137,149,NULL,'2024-03-23 12:36:50'),(903137,150,NULL,'2024-03-23 12:36:50'),(903137,151,NULL,'2024-03-23 12:36:50'),(903137,152,NULL,'2024-03-23 12:36:50'),(903137,153,NULL,'2024-03-23 12:36:50'),(903137,154,NULL,'2024-03-23 12:36:50'),(903137,155,NULL,'2024-03-23 12:36:50'),(903137,156,NULL,'2024-03-23 12:36:50'),(903137,157,NULL,'2024-03-23 12:36:50'),(903137,158,NULL,'2024-03-23 12:36:50'),(903137,159,NULL,'2024-03-23 12:36:50'),(903137,160,NULL,'2024-03-23 12:36:50'),(903137,161,NULL,'2024-03-23 12:36:50'),(903137,162,NULL,'2024-03-23 12:36:50'),(903137,163,NULL,'2024-03-23 12:36:50'),(903137,164,NULL,'2024-03-23 12:36:50'),(903137,165,NULL,'2024-03-23 12:36:50'),(903137,166,NULL,'2024-03-23 12:36:50'),(903137,167,NULL,'2024-03-23 12:36:50'),(903137,168,NULL,'2024-03-23 12:36:50'),(903137,169,NULL,'2024-03-23 12:36:50'),(903137,170,NULL,'2024-03-23 12:36:50'),(903137,171,NULL,'2024-03-23 12:36:50'),(903137,172,NULL,'2024-03-23 12:36:50'),(903137,173,NULL,'2024-03-23 12:36:50'),(903137,174,NULL,'2024-03-23 12:36:50'),(903137,175,NULL,'2024-03-23 12:36:50'),(903137,176,NULL,'2024-03-23 12:36:50'),(903137,177,NULL,'2024-03-23 12:36:50'),(903137,178,NULL,'2024-03-23 12:36:50'),(903137,179,NULL,'2024-03-23 12:36:50'),(903137,180,NULL,'2024-03-23 12:36:50'),(903137,181,NULL,'2024-03-23 12:36:50'),(903137,182,NULL,'2024-03-23 12:36:50'),(903137,183,NULL,'2024-03-23 12:36:50'),(903137,184,NULL,'2024-03-23 12:36:50'),(903137,185,NULL,'2024-03-23 12:36:50'),(903137,186,NULL,'2024-03-23 12:36:50'),(903137,187,NULL,'2024-03-23 12:36:50'),(903137,188,NULL,'2024-03-23 12:36:50'),(903137,189,NULL,'2024-03-23 12:36:50'),(903137,190,NULL,'2024-03-23 12:36:50'),(903137,191,NULL,'2024-03-23 12:36:50'),(903137,192,NULL,'2024-03-23 12:36:50'),(903137,193,NULL,'2024-03-23 12:36:50'),(903137,194,NULL,'2024-03-23 12:36:50'),(903137,195,NULL,'2024-03-23 12:36:50'),(903137,196,NULL,'2024-03-23 12:36:50'),(903137,197,NULL,'2024-03-23 12:36:50'),(903137,198,NULL,'2024-03-23 12:36:50'),(903137,199,NULL,'2024-03-23 12:36:50'),(903137,200,NULL,'2024-03-23 12:36:50'),(903137,201,NULL,'2024-03-23 12:36:50'),(903137,202,NULL,'2024-03-23 12:36:50'),(903137,203,NULL,'2024-03-23 12:36:50'),(903137,204,NULL,'2024-03-23 12:36:50'),(903137,205,NULL,'2024-03-23 12:36:50'),(903137,206,NULL,'2024-03-23 12:36:50'),(903137,207,NULL,'2024-03-23 12:36:50'),(903137,208,NULL,'2024-03-23 12:36:50'),(903137,209,NULL,'2024-03-23 12:36:50'),(903137,210,NULL,'2024-03-23 12:36:50'),(903137,211,NULL,'2024-03-23 12:36:50'),(903137,212,NULL,'2024-03-23 12:36:50'),(903137,213,NULL,'2024-03-23 12:36:50'),(903137,214,NULL,'2024-03-23 12:36:50'),(903137,215,NULL,'2024-03-23 12:36:50'),(903137,216,NULL,'2024-03-23 12:36:50'),(903137,217,NULL,'2024-03-23 12:36:50'),(903137,218,NULL,'2024-03-23 12:36:50'),(903137,219,NULL,'2024-03-23 12:36:50'),(903137,220,NULL,'2024-03-23 12:36:50'),(903137,221,NULL,'2024-03-23 12:36:50'),(903137,222,NULL,'2024-03-23 12:36:50'),(903137,223,NULL,'2024-03-23 12:36:50'),(903137,224,NULL,'2024-03-23 12:36:50'),(903137,225,NULL,'2024-03-23 12:36:50'),(903137,226,NULL,'2024-03-23 12:36:50'),(903137,227,NULL,'2024-03-23 12:36:50'),(903137,228,NULL,'2024-03-23 12:36:50'),(903137,229,NULL,'2024-03-23 12:36:50'),(903137,230,NULL,'2024-03-23 12:36:50'),(903137,231,NULL,'2024-03-23 12:36:50'),(903137,232,NULL,'2024-03-23 12:36:50'),(903137,233,NULL,'2024-03-23 12:36:50'),(903137,234,NULL,'2024-03-23 12:36:50'),(903137,235,NULL,'2024-03-23 12:36:50'),(903137,236,NULL,'2024-03-23 12:36:50'),(903137,237,NULL,'2024-03-23 12:36:50'),(903137,238,NULL,'2024-03-23 12:36:50'),(903137,239,NULL,'2024-03-23 12:36:50'),(903137,240,NULL,'2024-03-23 12:36:50'),(903137,241,NULL,'2024-03-23 12:36:50'),(903137,242,NULL,'2024-03-23 12:36:50'),(903137,243,NULL,'2024-03-23 12:36:50'),(903137,244,NULL,'2024-03-23 12:36:50'),(903137,245,NULL,'2024-03-23 12:36:50'),(903137,246,NULL,'2024-03-23 12:36:50'),(903137,247,NULL,'2024-03-23 12:36:50'),(903137,248,NULL,'2024-03-23 12:36:50'),(903137,249,NULL,'2024-03-23 12:36:50'),(903137,250,NULL,'2024-03-23 12:36:50'),(903137,251,NULL,'2024-03-23 12:36:50'),(903137,252,NULL,'2024-03-23 12:36:50'),(903137,253,NULL,'2024-03-23 12:36:50'),(903137,254,NULL,'2024-03-23 12:36:50'),(903137,255,NULL,'2024-03-23 12:36:50'),(903137,256,NULL,'2024-03-23 12:36:50'),(903137,257,NULL,'2024-03-23 12:36:50'),(903137,258,NULL,'2024-03-23 12:36:50'),(903137,259,NULL,'2024-03-23 12:36:50'),(903137,260,NULL,'2024-03-23 12:36:50'),(903137,261,NULL,'2024-03-23 12:36:50'),(903137,262,NULL,'2024-03-23 12:36:50'),(903137,263,NULL,'2024-03-23 12:36:50'),(903137,264,NULL,'2024-03-23 12:36:50'),(903137,265,NULL,'2024-03-23 12:36:50'),(903137,266,NULL,'2024-03-23 12:36:50'),(903137,267,NULL,'2024-03-23 12:36:50'),(903137,268,NULL,'2024-03-23 12:36:50'),(903137,269,NULL,'2024-03-23 12:36:50'),(903137,270,NULL,'2024-03-23 12:36:50'),(903137,271,NULL,'2024-03-23 12:36:50'),(903137,272,NULL,'2024-03-23 12:36:50'),(903137,273,NULL,'2024-03-23 12:36:50'),(903137,274,NULL,'2024-03-23 12:36:50'),(903137,275,NULL,'2024-03-23 12:36:50'),(903137,276,NULL,'2024-03-23 12:36:50'),(903137,277,NULL,'2024-03-23 12:36:50'),(903137,278,NULL,'2024-03-23 12:36:50'),(903137,279,NULL,'2024-03-23 12:36:50'),(903137,280,NULL,'2024-03-23 12:36:50'),(903137,281,NULL,'2024-03-23 12:36:50'),(903137,282,NULL,'2024-03-23 12:36:50'),(903137,283,NULL,'2024-03-23 12:36:50'),(903137,284,NULL,'2024-03-23 12:36:50'),(903137,285,NULL,'2024-03-23 12:36:50'),(903137,286,NULL,'2024-03-23 12:36:50'),(903137,287,NULL,'2024-03-23 12:36:50'),(903137,288,NULL,'2024-03-23 12:36:50'),(903137,289,NULL,'2024-03-23 12:36:50'),(NULL,290,NULL,'2024-08-10 13:18:24'),(NULL,291,NULL,'2024-08-10 13:18:24'),(NULL,292,NULL,'2024-08-10 13:18:24'),(NULL,293,NULL,'2024-08-10 13:18:24'),(NULL,294,NULL,'2024-08-10 13:18:24'),(NULL,295,NULL,'2024-08-10 13:18:24'),(NULL,296,NULL,'2024-08-10 13:18:24'),(NULL,297,NULL,'2024-08-10 13:18:24'),(NULL,298,NULL,'2024-08-10 13:18:24'),(NULL,299,NULL,'2024-08-10 13:18:24'),(NULL,300,NULL,'2024-08-10 13:18:24'),(NULL,301,NULL,'2024-08-10 13:18:24'),(NULL,302,NULL,'2024-08-10 13:18:24'),(NULL,303,NULL,'2024-08-10 13:18:24'),(NULL,304,NULL,'2024-08-10 13:18:24'),(NULL,305,NULL,'2024-08-10 13:18:24'),(NULL,306,NULL,'2024-08-10 13:18:24'),(NULL,307,NULL,'2024-08-10 13:18:24'),(NULL,308,NULL,'2024-08-10 13:18:24'),(NULL,309,NULL,'2024-08-10 13:18:24'),(NULL,310,NULL,'2024-08-10 13:18:24'),(NULL,311,NULL,'2024-08-10 13:18:24'),(NULL,312,NULL,'2024-08-10 13:18:24'),(NULL,313,NULL,'2024-08-10 13:18:24'),(NULL,314,NULL,'2024-08-10 13:18:24'),(NULL,315,NULL,'2024-08-10 13:18:24'),(NULL,316,NULL,'2024-08-10 13:18:24'),(NULL,317,NULL,'2024-08-10 13:18:24'),(NULL,318,NULL,'2024-08-10 13:18:24'),(NULL,319,NULL,'2024-08-10 13:18:24'),(NULL,320,NULL,'2024-08-10 13:18:24'),(NULL,321,NULL,'2024-08-10 13:18:24'),(NULL,322,NULL,'2024-08-10 13:18:24'),(NULL,323,NULL,'2024-08-10 13:18:24'),(NULL,324,NULL,'2024-08-10 13:18:24'),(NULL,325,NULL,'2024-08-10 13:18:24'),(NULL,326,NULL,'2024-08-10 13:18:24'),(NULL,327,NULL,'2024-08-10 13:18:24'),(NULL,328,NULL,'2024-08-10 13:18:24'),(NULL,329,NULL,'2024-08-10 13:18:24'),(NULL,330,NULL,'2024-08-10 13:18:24'),(NULL,331,NULL,'2024-08-10 13:18:24'),(NULL,332,NULL,'2024-08-10 13:18:24'),(NULL,333,NULL,'2024-08-10 13:18:24'),(NULL,334,NULL,'2024-08-10 13:18:24'),(NULL,335,NULL,'2024-08-10 13:18:24'),(NULL,336,NULL,'2024-08-10 13:18:24'),(NULL,337,NULL,'2024-08-10 13:18:24'),(NULL,338,NULL,'2024-08-10 13:18:24'),(NULL,339,NULL,'2024-08-10 13:18:24'),(NULL,340,NULL,'2024-08-10 13:18:24'),(NULL,341,NULL,'2024-08-10 13:26:35'),(NULL,342,NULL,'2024-08-10 13:26:35'),(NULL,343,NULL,'2024-08-10 13:26:35'),(NULL,344,NULL,'2024-08-10 13:26:35'),(NULL,345,NULL,'2024-08-10 13:26:35'),(NULL,346,NULL,'2024-08-10 13:26:35'),(NULL,347,NULL,'2024-08-10 13:26:35'),(NULL,348,NULL,'2024-08-10 13:26:35'),(NULL,349,NULL,'2024-08-10 13:26:35'),(NULL,350,NULL,'2024-08-10 13:26:35'),(NULL,351,NULL,'2024-08-10 13:26:35'),(NULL,352,NULL,'2024-08-10 13:26:35'),(NULL,353,NULL,'2024-08-10 13:26:35'),(NULL,354,NULL,'2024-08-10 13:26:35'),(NULL,355,NULL,'2024-08-10 13:26:35'),(NULL,356,NULL,'2024-08-10 13:26:35'),(NULL,357,NULL,'2024-08-10 13:26:35'),(NULL,358,NULL,'2024-08-10 13:26:35'),(NULL,359,NULL,'2024-08-10 13:26:35'),(NULL,360,NULL,'2024-08-10 13:26:35'),(NULL,361,NULL,'2024-08-10 13:26:35'),(NULL,362,NULL,'2024-08-10 13:26:35'),(NULL,363,NULL,'2024-08-10 13:26:35'),(NULL,364,NULL,'2024-08-10 13:26:35'),(NULL,365,NULL,'2024-08-10 13:26:35'),(NULL,366,NULL,'2024-08-10 13:26:35'),(NULL,367,NULL,'2024-08-10 13:26:35'),(NULL,368,NULL,'2024-08-10 13:26:35'),(NULL,369,NULL,'2024-08-10 13:26:35'),(NULL,370,NULL,'2024-08-10 13:26:35'),(NULL,371,NULL,'2024-08-10 13:26:35'),(NULL,372,NULL,'2024-08-10 13:26:35'),(NULL,373,NULL,'2024-08-10 13:26:35'),(NULL,374,NULL,'2024-08-10 13:26:35'),(NULL,375,NULL,'2024-08-10 13:26:35'),(NULL,376,NULL,'2024-08-10 13:26:35'),(NULL,377,NULL,'2024-08-10 13:26:35'),(NULL,378,NULL,'2024-08-10 13:26:35'),(NULL,379,NULL,'2024-08-10 13:26:35'),(NULL,380,NULL,'2024-08-10 13:26:35'),(NULL,381,NULL,'2024-08-10 13:26:35'),(NULL,382,NULL,'2024-08-10 13:26:35'),(NULL,383,NULL,'2024-08-10 13:26:35'),(NULL,384,NULL,'2024-08-10 13:26:35'),(NULL,385,NULL,'2024-08-10 13:26:35'),(NULL,386,NULL,'2024-08-10 13:26:35'),(NULL,387,NULL,'2024-08-10 13:26:35'),(NULL,388,NULL,'2024-08-10 13:26:35'),(NULL,389,NULL,'2024-08-10 13:26:35'),(NULL,390,NULL,'2024-08-10 13:26:35'),(NULL,391,NULL,'2024-08-10 13:26:35'),(NULL,392,NULL,'2024-08-10 13:26:35'),(NULL,393,NULL,'2024-08-10 13:26:35'),(NULL,394,NULL,'2024-08-10 13:26:35'),(NULL,395,NULL,'2024-08-10 13:26:35'),(NULL,396,NULL,'2024-08-10 13:26:35'),(NULL,397,NULL,'2024-08-10 13:28:00'),(NULL,398,NULL,'2024-08-10 13:28:00'),(NULL,399,NULL,'2024-08-10 13:28:00'),(NULL,400,NULL,'2024-08-10 13:28:00'),(NULL,401,NULL,'2024-08-10 13:28:00'),(NULL,402,NULL,'2024-08-10 13:28:00'),(NULL,403,NULL,'2024-08-10 13:28:00'),(NULL,404,NULL,'2024-08-10 13:28:00'),(NULL,405,NULL,'2024-08-10 13:28:00'),(NULL,406,NULL,'2024-08-10 13:28:00'),(NULL,407,NULL,'2024-08-10 13:28:00'),(NULL,408,NULL,'2024-08-10 13:28:00'),(NULL,409,NULL,'2024-08-10 13:28:00'),(NULL,410,NULL,'2024-08-10 13:28:00'),(NULL,411,NULL,'2024-08-10 13:28:00'),(NULL,412,NULL,'2024-08-10 13:28:00'),(NULL,413,NULL,'2024-08-10 13:28:00'),(NULL,414,NULL,'2024-08-10 13:28:00'),(NULL,415,NULL,'2024-08-10 13:28:00'),(NULL,416,NULL,'2024-08-10 13:28:00'),(NULL,417,NULL,'2024-08-10 13:28:00'),(NULL,418,NULL,'2024-08-10 13:28:00'),(NULL,419,NULL,'2024-08-10 13:28:00'),(NULL,420,NULL,'2024-08-10 13:28:00'),(NULL,421,NULL,'2024-08-10 13:28:00'),(NULL,422,NULL,'2024-08-10 13:28:00'),(NULL,423,NULL,'2024-08-10 13:28:00'),(NULL,424,NULL,'2024-08-10 13:28:00'),(NULL,425,NULL,'2024-08-10 13:28:00'),(NULL,426,NULL,'2024-08-10 13:28:00'),(NULL,427,NULL,'2024-08-10 13:28:00'),(NULL,428,NULL,'2024-08-10 13:28:00'),(NULL,429,NULL,'2024-08-10 13:28:00'),(NULL,430,NULL,'2024-08-10 13:28:00'),(NULL,431,NULL,'2024-08-10 13:28:00'),(NULL,432,NULL,'2024-08-10 13:28:00'),(NULL,433,NULL,'2024-08-10 13:28:00'),(NULL,434,NULL,'2024-08-10 13:28:00'),(NULL,435,NULL,'2024-08-10 13:28:00'),(NULL,436,NULL,'2024-08-10 13:28:00'),(NULL,437,NULL,'2024-08-10 13:28:00'),(NULL,438,NULL,'2024-08-10 13:28:00'),(NULL,439,NULL,'2024-08-10 13:28:00'),(NULL,440,NULL,'2024-08-10 13:28:00'),(NULL,441,NULL,'2024-08-10 13:28:00'),(NULL,442,NULL,'2024-08-10 13:28:00'),(NULL,443,NULL,'2024-08-10 13:28:00'),(NULL,444,NULL,'2024-08-10 13:28:00'),(NULL,445,NULL,'2024-08-10 13:28:00'),(NULL,446,NULL,'2024-08-10 13:28:00'),(NULL,447,NULL,'2024-08-10 13:28:00'),(NULL,448,NULL,'2024-08-10 13:28:00'),(NULL,449,NULL,'2024-08-10 13:28:00'),(NULL,450,NULL,'2024-08-10 13:28:00'),(NULL,451,NULL,'2024-08-10 13:28:00'),(NULL,452,NULL,'2024-08-10 13:28:00'),(NULL,453,NULL,'2024-08-10 13:28:00'),(NULL,454,NULL,'2024-08-10 13:28:00'),(NULL,455,NULL,'2024-08-10 13:28:00'),(NULL,456,NULL,'2024-08-10 13:28:00'),(NULL,457,NULL,'2024-08-10 13:28:00'),(NULL,458,NULL,'2024-08-10 13:28:00'),(NULL,459,NULL,'2024-08-10 13:28:00'),(NULL,460,NULL,'2024-08-10 13:28:00'),(NULL,461,NULL,'2024-08-10 13:28:00'),(NULL,462,NULL,'2024-08-10 13:28:00'),(NULL,463,NULL,'2024-08-10 13:28:00'),(NULL,464,NULL,'2024-08-10 13:28:00'),(NULL,465,NULL,'2024-08-10 13:28:00'),(NULL,466,NULL,'2024-08-10 13:28:00'),(NULL,467,NULL,'2024-08-10 13:28:00'),(NULL,468,NULL,'2024-08-11 08:36:47'),(NULL,469,NULL,'2024-08-11 08:36:47'),(NULL,470,NULL,'2024-08-11 08:36:47'),(NULL,471,NULL,'2024-08-11 08:36:47'),(NULL,472,NULL,'2024-08-11 08:36:47'),(NULL,473,NULL,'2024-08-11 08:36:47'),(NULL,474,NULL,'2024-08-11 08:36:47'),(NULL,475,NULL,'2024-08-11 08:36:47'),(NULL,476,NULL,'2024-08-11 08:36:47'),(NULL,477,NULL,'2024-08-11 08:36:47'),(NULL,478,NULL,'2024-08-11 08:36:47'),(NULL,479,NULL,'2024-08-11 08:36:47'),(NULL,480,NULL,'2024-08-11 08:36:47'),(NULL,481,NULL,'2024-08-11 08:36:47'),(NULL,482,NULL,'2024-08-11 08:36:47'),(NULL,483,NULL,'2024-08-11 08:36:47'),(NULL,484,NULL,'2024-08-11 08:36:47'),(NULL,485,NULL,'2024-08-11 08:36:47'),(NULL,486,NULL,'2024-08-11 08:36:47'),(NULL,487,NULL,'2024-08-11 08:36:47'),(NULL,488,NULL,'2024-08-11 08:36:47'),(NULL,489,NULL,'2024-08-11 08:36:47'),(NULL,490,NULL,'2024-08-11 08:36:47'),(NULL,491,NULL,'2024-08-11 08:36:47'),(NULL,492,NULL,'2024-08-11 08:36:47'),(NULL,493,NULL,'2024-08-11 08:36:47'),(NULL,494,NULL,'2024-08-11 08:36:47'),(NULL,495,NULL,'2024-08-11 08:36:47'),(NULL,496,NULL,'2024-08-11 08:36:47'),(NULL,497,NULL,'2024-08-11 08:36:47'),(NULL,498,NULL,'2024-08-11 08:36:47'),(NULL,499,NULL,'2024-08-11 08:36:47'),(NULL,500,NULL,'2024-08-11 08:36:47'),(NULL,501,NULL,'2024-08-11 08:36:47'),(NULL,502,NULL,'2024-08-11 08:36:47'),(NULL,503,NULL,'2024-08-11 08:36:47'),(NULL,504,NULL,'2024-08-11 08:36:47'),(NULL,505,NULL,'2024-08-11 08:36:47'),(NULL,506,NULL,'2024-08-11 08:36:47'),(NULL,507,NULL,'2024-08-11 08:36:47'),(NULL,508,NULL,'2024-08-11 08:36:47'),(NULL,509,NULL,'2024-08-11 08:36:47'),(NULL,510,NULL,'2024-08-11 08:36:47'),(NULL,511,NULL,'2024-08-11 08:36:47'),(NULL,512,NULL,'2024-08-11 08:36:47'),(NULL,513,NULL,'2024-08-11 08:36:47'),(NULL,514,NULL,'2024-08-11 08:36:47'),(NULL,515,NULL,'2024-08-11 08:36:47'),(NULL,516,NULL,'2024-08-11 08:36:47'),(NULL,517,NULL,'2024-08-11 08:36:47'),(NULL,518,NULL,'2024-08-11 08:36:47'),(NULL,519,NULL,'2024-08-11 08:36:47'),(NULL,520,NULL,'2024-08-11 08:36:47'),(NULL,521,NULL,'2024-08-11 08:36:47'),(NULL,522,NULL,'2024-08-11 08:36:47'),(NULL,523,NULL,'2024-08-11 08:36:47'),(NULL,524,NULL,'2024-08-11 08:36:47'),(NULL,525,NULL,'2024-08-11 08:36:47'),(NULL,526,NULL,'2024-08-11 08:36:47'),(NULL,527,NULL,'2024-08-11 08:36:47'),(NULL,528,NULL,'2024-08-11 08:36:47'),(NULL,529,NULL,'2024-08-11 08:36:47'),(NULL,530,NULL,'2024-08-11 08:36:47'),(NULL,531,NULL,'2024-08-11 08:36:47'),(NULL,532,NULL,'2024-08-11 08:36:47'),(NULL,533,NULL,'2024-08-11 08:36:47'),(NULL,534,NULL,'2024-08-11 08:36:47'),(NULL,535,NULL,'2024-08-11 08:36:47'),(NULL,536,NULL,'2024-08-11 08:36:47'),(NULL,537,NULL,'2024-08-11 08:36:47'),(NULL,538,NULL,'2024-08-11 08:36:47'),(NULL,539,NULL,'2024-08-11 08:54:29'),(NULL,540,NULL,'2024-08-11 08:54:29'),(NULL,541,NULL,'2024-08-11 08:54:29'),(NULL,542,NULL,'2024-08-11 08:54:29'),(NULL,543,NULL,'2024-08-11 08:54:29'),(NULL,544,NULL,'2024-08-11 08:54:29'),(NULL,545,NULL,'2024-08-11 08:54:29'),(NULL,546,NULL,'2024-08-11 08:54:29'),(NULL,547,NULL,'2024-08-11 08:54:29'),(NULL,548,NULL,'2024-08-11 08:54:29'),(NULL,549,NULL,'2024-08-11 08:54:29'),(NULL,550,NULL,'2024-08-11 08:54:29'),(NULL,551,NULL,'2024-08-11 08:54:29'),(NULL,552,NULL,'2024-08-11 08:54:29'),(NULL,553,NULL,'2024-08-11 08:54:29'),(NULL,554,NULL,'2024-08-11 08:54:29'),(NULL,555,NULL,'2024-08-11 08:54:29'),(NULL,556,NULL,'2024-08-11 08:54:29'),(NULL,557,NULL,'2024-08-11 08:54:29'),(NULL,558,NULL,'2024-08-11 08:54:29'),(NULL,559,NULL,'2024-08-11 08:54:29'),(NULL,560,NULL,'2024-08-11 08:54:29'),(NULL,561,NULL,'2024-08-11 08:54:29'),(NULL,562,NULL,'2024-08-11 08:54:29'),(NULL,563,NULL,'2024-08-11 08:54:29'),(NULL,564,NULL,'2024-08-11 08:54:29'),(NULL,565,NULL,'2024-08-11 08:54:29'),(NULL,566,NULL,'2024-08-11 08:54:29'),(NULL,567,NULL,'2024-08-11 08:54:29'),(NULL,568,NULL,'2024-08-11 08:54:29'),(NULL,569,NULL,'2024-08-11 08:54:29'),(NULL,570,NULL,'2024-08-11 08:54:29'),(NULL,571,NULL,'2024-08-11 08:54:29'),(NULL,572,NULL,'2024-08-11 08:54:29'),(NULL,573,NULL,'2024-08-11 08:54:29'),(NULL,574,NULL,'2024-08-11 08:54:29'),(NULL,575,NULL,'2024-08-11 08:54:29'),(NULL,576,NULL,'2024-08-11 08:54:29'),(NULL,577,NULL,'2024-08-11 09:03:19'),(NULL,578,NULL,'2024-08-11 09:03:19'),(NULL,579,NULL,'2024-08-11 09:03:19'),(NULL,580,NULL,'2024-08-11 09:03:19'),(NULL,581,NULL,'2024-08-11 09:03:19'),(NULL,582,NULL,'2024-08-11 09:03:19'),(NULL,583,NULL,'2024-08-11 09:03:19'),(NULL,584,NULL,'2024-08-11 09:03:19'),(NULL,585,NULL,'2024-08-11 09:03:19'),(NULL,586,NULL,'2024-08-11 09:03:19'),(NULL,587,NULL,'2024-08-11 09:03:19'),(NULL,588,NULL,'2024-08-11 09:03:19'),(NULL,589,NULL,'2024-08-11 09:03:19'),(NULL,590,NULL,'2024-08-11 09:03:19'),(NULL,591,NULL,'2024-08-11 09:03:19'),(NULL,592,NULL,'2024-08-11 09:03:19'),(NULL,593,NULL,'2024-08-11 09:03:19'),(NULL,594,NULL,'2024-08-11 09:03:19'),(NULL,595,NULL,'2024-08-11 09:03:19'),(NULL,596,NULL,'2024-08-11 09:03:19'),(NULL,597,NULL,'2024-08-11 09:03:19'),(NULL,598,NULL,'2024-08-11 09:03:19'),(NULL,599,NULL,'2024-08-11 09:03:19'),(NULL,600,NULL,'2024-08-11 09:03:19'),(NULL,601,NULL,'2024-08-11 09:03:19'),(NULL,602,NULL,'2024-08-11 09:03:19'),(NULL,603,NULL,'2024-08-11 09:03:19'),(NULL,604,NULL,'2024-08-11 09:03:19'),(NULL,605,NULL,'2024-08-11 09:03:19'),(NULL,606,NULL,'2024-08-11 09:03:19'),(NULL,607,NULL,'2024-08-11 09:03:19'),(NULL,608,NULL,'2024-08-11 09:03:19'),(NULL,609,NULL,'2024-08-11 09:03:19'),(NULL,610,NULL,'2024-08-11 09:03:19'),(NULL,611,NULL,'2024-08-11 09:03:19'),(NULL,612,NULL,'2024-08-11 09:03:19'),(NULL,613,NULL,'2024-08-11 09:03:19'),(NULL,614,NULL,'2024-08-11 09:04:40'),(NULL,615,NULL,'2024-08-11 09:04:40'),(NULL,616,NULL,'2024-08-11 09:04:40'),(NULL,617,NULL,'2024-08-11 09:04:40'),(NULL,618,NULL,'2024-08-11 09:04:40'),(NULL,619,NULL,'2024-08-11 09:04:40'),(NULL,620,NULL,'2024-08-11 09:04:40'),(NULL,621,NULL,'2024-08-11 09:04:40'),(NULL,622,NULL,'2024-08-11 09:04:40'),(NULL,623,NULL,'2024-08-11 09:04:40'),(NULL,624,NULL,'2024-08-11 09:04:40'),(NULL,625,NULL,'2024-08-11 09:04:40'),(NULL,626,NULL,'2024-08-11 09:04:40'),(NULL,627,NULL,'2024-08-11 09:04:40'),(NULL,628,NULL,'2024-08-11 09:04:40'),(NULL,629,NULL,'2024-08-11 09:04:40'),(NULL,630,NULL,'2024-08-11 09:04:40'),(NULL,631,NULL,'2024-08-11 09:04:40'),(NULL,632,NULL,'2024-08-11 09:04:40'),(NULL,633,NULL,'2024-08-11 09:04:40'),(NULL,634,NULL,'2024-08-11 09:04:40'),(NULL,635,NULL,'2024-08-11 09:04:40'),(NULL,636,NULL,'2024-08-11 09:04:40'),(NULL,637,NULL,'2024-08-11 09:04:40'),(NULL,638,NULL,'2024-08-11 09:04:40'),(NULL,639,NULL,'2024-08-11 09:04:40'),(NULL,640,NULL,'2024-08-11 09:04:40'),(NULL,641,NULL,'2024-08-11 09:04:40'),(NULL,642,NULL,'2024-08-11 09:04:40'),(NULL,643,NULL,'2024-08-11 09:04:40'),(NULL,644,NULL,'2024-08-11 09:04:40'),(NULL,645,NULL,'2024-08-11 09:04:40'),(NULL,646,NULL,'2024-08-11 09:04:40'),(NULL,647,NULL,'2024-08-11 09:04:40'),(NULL,648,NULL,'2024-08-11 09:04:40'),(NULL,649,NULL,'2024-08-11 09:04:40'),(NULL,650,NULL,'2024-08-11 09:04:40'),(NULL,651,NULL,'2024-08-11 09:12:29'),(NULL,652,NULL,'2024-08-11 09:12:29'),(NULL,653,NULL,'2024-08-11 09:12:29'),(NULL,654,NULL,'2024-08-11 09:12:29'),(NULL,655,NULL,'2024-08-11 09:12:29'),(NULL,656,NULL,'2024-08-11 09:12:29'),(NULL,657,NULL,'2024-08-11 09:12:29'),(NULL,658,NULL,'2024-08-11 09:12:29'),(NULL,659,NULL,'2024-08-11 09:12:29'),(NULL,660,NULL,'2024-08-11 09:12:29'),(NULL,661,NULL,'2024-08-11 09:12:29'),(NULL,662,NULL,'2024-08-11 09:12:29'),(NULL,663,NULL,'2024-08-11 09:12:29'),(NULL,664,NULL,'2024-08-11 09:12:29'),(NULL,665,NULL,'2024-08-11 09:12:29'),(NULL,666,NULL,'2024-08-11 09:12:29'),(NULL,667,NULL,'2024-08-11 09:12:29'),(NULL,668,NULL,'2024-08-11 09:12:29'),(NULL,669,NULL,'2024-08-11 09:12:29'),(NULL,670,NULL,'2024-08-11 09:12:29'),(NULL,671,NULL,'2024-08-11 09:12:29'),(NULL,672,NULL,'2024-08-11 09:12:29'),(NULL,673,NULL,'2024-08-11 09:12:29'),(NULL,674,NULL,'2024-08-11 09:12:29'),(NULL,675,NULL,'2024-08-11 09:12:29'),(NULL,676,NULL,'2024-08-11 09:12:29'),(NULL,677,NULL,'2024-08-11 09:12:29'),(NULL,678,NULL,'2024-08-11 09:12:29'),(NULL,679,NULL,'2024-08-11 09:12:29'),(NULL,680,NULL,'2024-08-11 09:12:29'),(NULL,681,NULL,'2024-08-11 09:12:29'),(NULL,682,NULL,'2024-08-11 09:12:29'),(NULL,683,NULL,'2024-08-11 09:12:29'),(NULL,684,NULL,'2024-08-11 09:12:29'),(NULL,685,NULL,'2024-08-11 09:12:29'),(NULL,686,NULL,'2024-08-11 09:12:29'),(NULL,687,NULL,'2024-08-11 09:12:29'),(NULL,688,NULL,'2024-08-11 09:12:44'),(NULL,689,NULL,'2024-08-11 09:12:44'),(NULL,690,NULL,'2024-08-11 09:12:44'),(NULL,691,NULL,'2024-08-11 09:12:44'),(NULL,692,NULL,'2024-08-11 09:12:44'),(NULL,693,NULL,'2024-08-11 09:12:44'),(NULL,694,NULL,'2024-08-11 09:12:44'),(NULL,695,NULL,'2024-08-11 09:12:44'),(NULL,696,NULL,'2024-08-11 09:12:44'),(NULL,697,NULL,'2024-08-11 09:12:44'),(NULL,698,NULL,'2024-08-11 09:12:44'),(NULL,699,NULL,'2024-08-11 09:12:44'),(NULL,700,NULL,'2024-08-11 09:12:44'),(NULL,701,NULL,'2024-08-11 09:12:44'),(NULL,702,NULL,'2024-08-11 09:12:44'),(NULL,703,NULL,'2024-08-11 09:12:44'),(NULL,704,NULL,'2024-08-11 09:12:44'),(NULL,705,NULL,'2024-08-11 09:12:44'),(NULL,706,NULL,'2024-08-11 09:12:44'),(NULL,707,NULL,'2024-08-11 09:12:44'),(NULL,708,NULL,'2024-08-11 09:12:44'),(NULL,709,NULL,'2024-08-11 09:12:44'),(NULL,710,NULL,'2024-08-11 09:12:44'),(NULL,711,NULL,'2024-08-11 09:12:44'),(NULL,712,NULL,'2024-08-11 09:12:44'),(NULL,713,NULL,'2024-08-11 09:12:44'),(NULL,714,NULL,'2024-08-11 09:12:44'),(NULL,715,NULL,'2024-08-11 09:12:44'),(NULL,716,NULL,'2024-08-11 09:12:44'),(NULL,717,NULL,'2024-08-11 09:12:44'),(NULL,718,NULL,'2024-08-11 09:12:44'),(NULL,719,NULL,'2024-08-11 09:12:44'),(NULL,720,NULL,'2024-08-11 09:12:44'),(NULL,721,NULL,'2024-08-11 09:12:44'),(NULL,722,NULL,'2024-08-11 09:12:44'),(NULL,723,NULL,'2024-08-11 09:12:44'),(NULL,724,NULL,'2024-08-11 09:12:44'),(NULL,725,NULL,'2024-08-11 09:19:39'),(NULL,726,NULL,'2024-08-11 09:19:39'),(NULL,727,NULL,'2024-08-11 09:19:39'),(NULL,728,NULL,'2024-08-11 09:19:39'),(NULL,729,NULL,'2024-08-11 09:19:39'),(NULL,730,NULL,'2024-08-11 09:19:39'),(NULL,731,NULL,'2024-08-11 09:19:39'),(NULL,732,NULL,'2024-08-11 09:19:39'),(NULL,733,NULL,'2024-08-11 09:19:39'),(NULL,734,NULL,'2024-08-11 09:19:39'),(NULL,735,NULL,'2024-08-11 09:19:39'),(NULL,736,NULL,'2024-08-11 09:19:39'),(NULL,737,NULL,'2024-08-11 09:19:39'),(NULL,738,NULL,'2024-08-11 09:19:39'),(NULL,739,NULL,'2024-08-11 09:19:39'),(NULL,740,NULL,'2024-08-11 09:19:39'),(NULL,741,NULL,'2024-08-11 09:19:39'),(NULL,742,NULL,'2024-08-11 09:19:39'),(NULL,743,NULL,'2024-08-11 09:19:39'),(NULL,744,NULL,'2024-08-11 09:19:39'),(NULL,745,NULL,'2024-08-11 09:19:39'),(NULL,746,NULL,'2024-08-11 09:19:39'),(NULL,747,NULL,'2024-08-11 09:19:39'),(NULL,748,NULL,'2024-08-11 09:19:39'),(NULL,749,NULL,'2024-08-11 09:19:39'),(NULL,750,NULL,'2024-08-11 09:19:39'),(NULL,751,NULL,'2024-08-11 09:19:39'),(NULL,752,NULL,'2024-08-11 09:19:39'),(NULL,753,NULL,'2024-08-11 09:19:39'),(NULL,754,NULL,'2024-08-11 09:19:39'),(NULL,755,NULL,'2024-08-11 09:19:39'),(NULL,756,NULL,'2024-08-11 09:19:39'),(NULL,757,NULL,'2024-08-11 09:19:39'),(NULL,758,NULL,'2024-08-11 09:19:39'),(NULL,759,NULL,'2024-08-11 09:19:39'),(NULL,760,NULL,'2024-08-11 09:19:39'),(NULL,761,NULL,'2024-08-11 09:19:39'),(903137,762,NULL,'2024-08-11 09:23:47'),(NULL,763,NULL,'2024-08-11 09:26:28'),(NULL,764,NULL,'2024-08-11 09:26:28'),(NULL,765,NULL,'2024-08-11 09:26:28'),(NULL,766,NULL,'2024-08-11 09:26:28'),(NULL,767,NULL,'2024-08-11 09:26:28'),(NULL,768,NULL,'2024-08-11 09:26:28'),(NULL,769,NULL,'2024-08-11 09:26:28'),(NULL,770,NULL,'2024-08-11 09:26:28'),(NULL,771,NULL,'2024-08-11 09:26:28'),(NULL,772,NULL,'2024-08-11 09:26:28'),(NULL,773,NULL,'2024-08-11 09:26:28'),(NULL,774,NULL,'2024-08-11 09:26:28'),(NULL,775,NULL,'2024-08-11 09:26:28'),(NULL,776,NULL,'2024-08-11 09:26:28'),(NULL,777,NULL,'2024-08-11 09:26:28'),(NULL,778,NULL,'2024-08-11 09:26:28'),(NULL,779,NULL,'2024-08-11 09:26:28'),(NULL,780,NULL,'2024-08-11 09:26:28'),(NULL,781,NULL,'2024-08-11 09:26:28'),(NULL,782,NULL,'2024-08-11 09:26:28'),(NULL,783,NULL,'2024-08-11 09:26:28'),(NULL,784,NULL,'2024-08-11 09:26:28'),(NULL,785,NULL,'2024-08-11 09:26:28'),(NULL,786,NULL,'2024-08-11 09:26:28'),(NULL,787,NULL,'2024-08-11 09:26:28'),(NULL,788,NULL,'2024-08-11 09:26:28'),(NULL,789,NULL,'2024-08-11 09:26:28'),(NULL,790,NULL,'2024-08-11 09:26:28'),(NULL,791,NULL,'2024-08-11 09:26:28'),(NULL,792,NULL,'2024-08-11 09:26:28'),(NULL,793,NULL,'2024-08-11 09:26:28'),(NULL,794,NULL,'2024-08-11 09:26:28'),(NULL,795,NULL,'2024-08-11 09:26:28'),(NULL,796,NULL,'2024-08-11 09:26:28'),(NULL,797,NULL,'2024-08-11 09:26:28'),(NULL,798,NULL,'2024-08-11 09:26:28'),(NULL,799,NULL,'2024-08-11 09:26:28'),(NULL,800,NULL,'2024-08-11 09:27:01'),(NULL,801,NULL,'2024-08-11 09:27:01'),(NULL,802,NULL,'2024-08-11 09:27:01'),(NULL,803,NULL,'2024-08-11 09:27:01'),(NULL,804,NULL,'2024-08-11 09:27:01'),(NULL,805,NULL,'2024-08-11 09:27:01'),(NULL,806,NULL,'2024-08-11 09:27:01'),(NULL,807,NULL,'2024-08-11 09:27:01'),(NULL,808,NULL,'2024-08-11 09:27:01'),(NULL,809,NULL,'2024-08-11 09:27:01'),(NULL,810,NULL,'2024-08-11 09:27:01'),(NULL,811,NULL,'2024-08-11 09:27:01'),(NULL,812,NULL,'2024-08-11 09:27:01'),(NULL,813,NULL,'2024-08-11 09:27:01'),(NULL,814,NULL,'2024-08-11 09:27:01'),(NULL,815,NULL,'2024-08-11 09:27:01'),(NULL,816,NULL,'2024-08-11 09:27:01'),(NULL,817,NULL,'2024-08-11 09:27:01'),(NULL,818,NULL,'2024-08-11 09:27:01'),(NULL,819,NULL,'2024-08-11 09:27:01'),(NULL,820,NULL,'2024-08-11 09:27:01'),(NULL,821,NULL,'2024-08-11 09:27:01'),(NULL,822,NULL,'2024-08-11 09:27:01'),(NULL,823,NULL,'2024-08-11 09:27:01'),(NULL,824,NULL,'2024-08-11 09:27:01'),(NULL,825,NULL,'2024-08-11 09:27:01'),(NULL,826,NULL,'2024-08-11 09:27:01'),(NULL,827,NULL,'2024-08-11 09:27:01'),(NULL,828,NULL,'2024-08-11 09:27:01'),(NULL,829,NULL,'2024-08-11 09:27:01'),(NULL,830,NULL,'2024-08-11 09:27:01'),(NULL,831,NULL,'2024-08-11 09:27:01'),(NULL,832,NULL,'2024-08-11 09:27:01'),(NULL,833,NULL,'2024-08-11 09:27:01'),(NULL,834,NULL,'2024-08-11 09:27:01'),(NULL,835,NULL,'2024-08-11 09:27:01'),(NULL,836,NULL,'2024-08-11 09:27:01'),(NULL,837,NULL,'2024-08-11 09:31:42'),(NULL,838,NULL,'2024-08-11 09:31:42'),(NULL,839,NULL,'2024-08-11 09:31:42'),(NULL,840,NULL,'2024-08-11 09:31:42'),(NULL,841,NULL,'2024-08-11 09:31:42'),(NULL,842,NULL,'2024-08-11 09:31:42'),(NULL,843,NULL,'2024-08-11 09:31:42'),(NULL,844,NULL,'2024-08-11 09:31:42'),(NULL,845,NULL,'2024-08-11 09:31:42'),(NULL,846,NULL,'2024-08-11 09:31:42'),(NULL,847,NULL,'2024-08-11 09:31:42'),(NULL,848,NULL,'2024-08-11 09:31:42'),(NULL,849,NULL,'2024-08-11 09:31:42'),(NULL,850,NULL,'2024-08-11 09:31:42'),(NULL,851,NULL,'2024-08-11 09:31:42'),(NULL,852,NULL,'2024-08-11 09:31:42'),(NULL,853,NULL,'2024-08-11 09:31:42'),(NULL,854,NULL,'2024-08-11 09:31:42'),(NULL,855,NULL,'2024-08-11 09:31:42'),(NULL,856,NULL,'2024-08-11 09:31:42'),(NULL,857,NULL,'2024-08-11 09:31:42'),(NULL,858,NULL,'2024-08-11 09:31:42'),(NULL,859,NULL,'2024-08-11 09:31:42'),(NULL,860,NULL,'2024-08-11 09:31:42'),(NULL,861,NULL,'2024-08-11 09:31:42'),(NULL,862,NULL,'2024-08-11 09:31:42'),(NULL,863,NULL,'2024-08-11 09:31:42'),(NULL,864,NULL,'2024-08-11 09:31:42'),(NULL,865,NULL,'2024-08-11 09:31:42'),(NULL,866,NULL,'2024-08-11 09:31:42'),(NULL,867,NULL,'2024-08-11 09:31:42'),(NULL,868,NULL,'2024-08-11 09:31:42'),(NULL,869,NULL,'2024-08-11 09:31:42'),(NULL,870,NULL,'2024-08-11 09:31:42'),(NULL,871,NULL,'2024-08-11 09:31:42'),(NULL,872,NULL,'2024-08-11 09:31:42'),(NULL,873,NULL,'2024-08-11 09:31:42'),(NULL,874,NULL,'2024-08-11 09:35:03'),(NULL,875,NULL,'2024-08-11 09:35:03'),(NULL,876,NULL,'2024-08-11 09:35:03'),(NULL,877,NULL,'2024-08-11 09:35:03'),(NULL,878,NULL,'2024-08-11 09:35:03'),(NULL,879,NULL,'2024-08-11 09:35:03'),(NULL,880,NULL,'2024-08-11 09:35:03'),(NULL,881,NULL,'2024-08-11 09:35:03'),(NULL,882,NULL,'2024-08-11 09:35:03'),(NULL,883,NULL,'2024-08-11 09:35:03'),(NULL,884,NULL,'2024-08-11 09:35:03'),(NULL,885,NULL,'2024-08-11 09:35:03'),(NULL,886,NULL,'2024-08-11 09:35:03'),(NULL,887,NULL,'2024-08-11 09:35:03'),(NULL,888,NULL,'2024-08-11 09:35:03'),(NULL,889,NULL,'2024-08-11 09:35:03'),(NULL,890,NULL,'2024-08-11 09:35:03'),(NULL,891,NULL,'2024-08-11 09:35:03'),(NULL,892,NULL,'2024-08-11 09:35:03'),(NULL,893,NULL,'2024-08-11 09:35:03'),(NULL,894,NULL,'2024-08-11 09:35:03'),(NULL,895,NULL,'2024-08-11 09:35:03'),(NULL,896,NULL,'2024-08-11 09:35:03'),(NULL,897,NULL,'2024-08-11 09:35:03'),(NULL,898,NULL,'2024-08-11 09:35:03'),(NULL,899,NULL,'2024-08-11 09:35:03'),(NULL,900,NULL,'2024-08-11 09:35:03'),(NULL,901,NULL,'2024-08-11 09:35:03'),(NULL,902,NULL,'2024-08-11 09:35:03'),(NULL,903,NULL,'2024-08-11 09:35:03'),(NULL,904,NULL,'2024-08-11 09:35:03'),(NULL,905,NULL,'2024-08-11 09:35:03'),(NULL,906,NULL,'2024-08-11 09:35:03'),(NULL,907,NULL,'2024-08-11 09:35:03'),(NULL,908,NULL,'2024-08-11 09:35:03'),(NULL,909,NULL,'2024-08-11 09:35:03'),(NULL,910,NULL,'2024-08-11 09:35:03'),(NULL,911,NULL,'2024-08-12 05:24:13'),(903883,912,NULL,'2024-08-12 07:12:21'),(903883,913,NULL,'2024-08-12 07:12:21'),(903883,914,NULL,'2024-08-12 07:12:21'),(903883,915,NULL,'2024-08-12 07:12:21'),(903883,916,NULL,'2024-08-12 07:12:21'),(903883,917,NULL,'2024-08-12 07:12:21'),(903883,918,NULL,'2024-08-12 07:12:21'),(903883,919,NULL,'2024-08-12 07:12:21'),(903883,920,NULL,'2024-08-12 07:12:21'),(903883,921,NULL,'2024-08-12 07:12:21'),(903883,922,NULL,'2024-08-12 07:12:21'),(903883,923,NULL,'2024-08-12 07:12:21'),(903883,924,NULL,'2024-08-12 07:12:21'),(903883,925,NULL,'2024-08-12 07:12:21'),(903883,926,NULL,'2024-08-12 07:12:21'),(903883,927,NULL,'2024-08-12 07:12:21'),(903883,928,NULL,'2024-08-12 07:12:21'),(903883,929,NULL,'2024-08-12 07:12:21'),(903883,930,NULL,'2024-08-12 07:12:21'),(903883,931,NULL,'2024-08-12 07:12:21');
/*!40000 ALTER TABLE `crm_attribute` ENABLE KEYS */;
UNLOCK TABLES;

--
-- Table structure for table `crm_country`
--

DROP TABLE IF EXISTS `crm_country`;
/*!40101 SET @saved_cs_client     = @@character_set_client */;
/*!50503 SET character_set_client = utf8mb4 */;
CREATE TABLE `crm_country` (
  `id` int NOT NULL AUTO_INCREMENT,
  `country` varchar(255) DEFAULT NULL,
  PRIMARY KEY (`id`)
) ENGINE=InnoDB AUTO_INCREMENT=9 DEFAULT CHARSET=utf8mb4 COLLATE=utf8mb4_0900_ai_ci;
/*!40101 SET character_set_client = @saved_cs_client */;

--
-- Dumping data for table `crm_country`
--

LOCK TABLES `crm_country` WRITE;
/*!40000 ALTER TABLE `crm_country` DISABLE KEYS */;
INSERT INTO `crm_country` VALUES (1,'Saudi Arabia'),(2,'Dubai'),(3,'Sharjah'),(4,'malaysia'),(5,'singapore'),(6,'United Kingdom'),(7,'United States'),(8,'any country');
/*!40000 ALTER TABLE `crm_country` ENABLE KEYS */;
UNLOCK TABLES;

--
-- Table structure for table `crm_domain`
--

DROP TABLE IF EXISTS `crm_domain`;
/*!40101 SET @saved_cs_client     = @@character_set_client */;
/*!50503 SET character_set_client = utf8mb4 */;
CREATE TABLE `crm_domain` (
  `id` int NOT NULL AUTO_INCREMENT,
  `domain` varchar(255) NOT NULL,
  PRIMARY KEY (`id`)
) ENGINE=InnoDB AUTO_INCREMENT=4 DEFAULT CHARSET=utf8mb4 COLLATE=utf8mb4_0900_ai_ci;
/*!40101 SET character_set_client = @saved_cs_client */;

--
-- Dumping data for table `crm_domain`
--

LOCK TABLES `crm_domain` WRITE;
/*!40000 ALTER TABLE `crm_domain` DISABLE KEYS */;
INSERT INTO `crm_domain` VALUES (1,'nursing'),(2,'sales'),(3,'production');
/*!40000 ALTER TABLE `crm_domain` ENABLE KEYS */;
UNLOCK TABLES;

--
-- Table structure for table `crm_glprofile`
--

DROP TABLE IF EXISTS `crm_glprofile`;
/*!40101 SET @saved_cs_client     = @@character_set_client */;
/*!50503 SET character_set_client = utf8mb4 */;
CREATE TABLE `crm_glprofile` (
  `id` int NOT NULL AUTO_INCREMENT,
  `first_name` varchar(255) DEFAULT NULL,
  `last_name` varchar(255) DEFAULT NULL,
  `email` varchar(255) DEFAULT NULL,
  `alternative_emailid` varchar(255) DEFAULT NULL,
  `phone_number` varchar(20) DEFAULT NULL,
  `alternative_number` varchar(20) DEFAULT NULL,
  `company_name` varchar(255) DEFAULT NULL,
  `associated_company` varchar(255) DEFAULT NULL,
  `person_linkedin_profile` varchar(255) DEFAULT NULL,
  `mobile_phone_number` varchar(20) DEFAULT NULL,
  `country_region` varchar(255) DEFAULT NULL,
  `city` varchar(255) DEFAULT NULL,
  `industry` varchar(255) DEFAULT NULL,
  `job_title` varchar(255) DEFAULT NULL,
  `current_status` int DEFAULT NULL,
  `employed_id` int DEFAULT NULL,
  `created_at` timestamp NULL DEFAULT CURRENT_TIMESTAMP,
  PRIMARY KEY (`id`),
  KEY `fk_current_status` (`current_status`),
  CONSTRAINT `fk_current_status` FOREIGN KEY (`current_status`) REFERENCES `crm_lead_status` (`id`)
) ENGINE=InnoDB DEFAULT CHARSET=utf8mb4 COLLATE=utf8mb4_0900_ai_ci;
/*!40101 SET character_set_client = @saved_cs_client */;

--
-- Dumping data for table `crm_glprofile`
--

LOCK TABLES `crm_glprofile` WRITE;
/*!40000 ALTER TABLE `crm_glprofile` DISABLE KEYS */;
/*!40000 ALTER TABLE `crm_glprofile` ENABLE KEYS */;
UNLOCK TABLES;

--
-- Table structure for table `crm_lead_source`
--

DROP TABLE IF EXISTS `crm_lead_source`;
/*!40101 SET @saved_cs_client     = @@character_set_client */;
/*!50503 SET character_set_client = utf8mb4 */;
CREATE TABLE `crm_lead_source` (
  `id` int NOT NULL AUTO_INCREMENT,
  `source` varchar(255) DEFAULT NULL,
  PRIMARY KEY (`id`)
) ENGINE=InnoDB DEFAULT CHARSET=utf8mb4 COLLATE=utf8mb4_0900_ai_ci;
/*!40101 SET character_set_client = @saved_cs_client */;

--
-- Dumping data for table `crm_lead_source`
--

LOCK TABLES `crm_lead_source` WRITE;
/*!40000 ALTER TABLE `crm_lead_source` DISABLE KEYS */;
/*!40000 ALTER TABLE `crm_lead_source` ENABLE KEYS */;
UNLOCK TABLES;

--
-- Table structure for table `crm_lead_status`
--

DROP TABLE IF EXISTS `crm_lead_status`;
/*!40101 SET @saved_cs_client     = @@character_set_client */;
/*!50503 SET character_set_client = utf8mb4 */;
CREATE TABLE `crm_lead_status` (
  `id` int NOT NULL AUTO_INCREMENT,
  `status` varchar(255) DEFAULT NULL,
  `domain_id` int DEFAULT NULL,
  PRIMARY KEY (`id`),
  KEY `fk_crm_status_domain` (`domain_id`),
  CONSTRAINT `fk_crm_status_domain` FOREIGN KEY (`domain_id`) REFERENCES `crm_domain` (`id`)
) ENGINE=InnoDB AUTO_INCREMENT=24 DEFAULT CHARSET=utf8mb4 COLLATE=utf8mb4_0900_ai_ci;
/*!40101 SET character_set_client = @saved_cs_client */;

--
-- Dumping data for table `crm_lead_status`
--

LOCK TABLES `crm_lead_status` WRITE;
/*!40000 ALTER TABLE `crm_lead_status` DISABLE KEYS */;
INSERT INTO `crm_lead_status` VALUES (1,'New Lead',1),(2,'language barrier',1),(3,'May Be Later',1),(4,'Direct Demo Fixed',1),(5,'Online Demo Fixed',1),(6,'Not Intersted',1),(7,'positive',1),(8,'follow up',1),(9,'Not Attending call',1),(10,'payment initiated',1),(11,'Enrolled',1),(12,'Direct Demo completed',1),(13,'Online Demo completed',1),(14,'New Lead',2),(15,'May Be Later',2),(16,'Not Intersted',2),(17,'follow up',2),(18,'cold',2),(19,'hot',2),(20,'warm',2),(21,'technical round fixed',2),(22,'SLA',2),(23,'self lead',2);
/*!40000 ALTER TABLE `crm_lead_status` ENABLE KEYS */;
UNLOCK TABLES;

--
-- Table structure for table `crm_profile`
--

DROP TABLE IF EXISTS `crm_profile`;
/*!40101 SET @saved_cs_client     = @@character_set_client */;
/*!50503 SET character_set_client = utf8mb4 */;
CREATE TABLE `crm_profile` (
  `lead_id` int NOT NULL AUTO_INCREMENT,
  `name` varchar(255) DEFAULT NULL,
  `phone_number` varchar(15) DEFAULT NULL,
  `alt_phone_number` varchar(15) DEFAULT NULL,
  `email_id` varchar(255) DEFAULT NULL,
  `degree` varchar(255) DEFAULT NULL,
  `year_of_passing` varchar(10) DEFAULT NULL,
  `percentage` varchar(10) DEFAULT NULL,
  `university` varchar(255) DEFAULT NULL,
  `city` varchar(255) DEFAULT NULL,
  `state` varchar(255) DEFAULT NULL,
  `experience` varchar(10) DEFAULT NULL,
  `specialization` varchar(255) DEFAULT NULL,
  `interested_country1_id` int DEFAULT NULL,
  `interested_country2_id` int DEFAULT NULL,
  `interested_country3_id` int DEFAULT NULL,
  `expected_salary` varchar(10) DEFAULT NULL,
  `status` int DEFAULT NULL,
  `date` timestamp NULL DEFAULT CURRENT_TIMESTAMP,
  `current_status` int DEFAULT NULL,
  PRIMARY KEY (`lead_id`),
  KEY `interested_country1_id` (`interested_country1_id`),
  KEY `interested_country2_id` (`interested_country2_id`),
  KEY `interested_country3_id` (`interested_country3_id`),
  KEY `crm_profile_ibfk_4_idx` (`current_status`),
  CONSTRAINT `crm_profile_ibfk_1` FOREIGN KEY (`interested_country1_id`) REFERENCES `crm_country` (`id`),
  CONSTRAINT `crm_profile_ibfk_2` FOREIGN KEY (`interested_country2_id`) REFERENCES `crm_country` (`id`),
  CONSTRAINT `crm_profile_ibfk_3` FOREIGN KEY (`interested_country3_id`) REFERENCES `crm_country` (`id`),
  CONSTRAINT `crm_profile_ibfk_4` FOREIGN KEY (`current_status`) REFERENCES `crm_lead_status` (`id`)
) ENGINE=InnoDB DEFAULT CHARSET=utf8mb4 COLLATE=utf8mb4_0900_ai_ci;
/*!40101 SET character_set_client = @saved_cs_client */;

--
-- Dumping data for table `crm_profile`
--

LOCK TABLES `crm_profile` WRITE;
/*!40000 ALTER TABLE `crm_profile` DISABLE KEYS */;
/*!40000 ALTER TABLE `crm_profile` ENABLE KEYS */;
UNLOCK TABLES;

--
-- Table structure for table `crm_role`
--

DROP TABLE IF EXISTS `crm_role`;
/*!40101 SET @saved_cs_client     = @@character_set_client */;
/*!50503 SET character_set_client = utf8mb4 */;
CREATE TABLE `crm_role` (
  `role_id` int NOT NULL AUTO_INCREMENT,
  `role_name` varchar(255) DEFAULT NULL,
  `domain_id` int DEFAULT NULL,
  PRIMARY KEY (`role_id`),
  KEY `fk_crm_role_domain` (`domain_id`),
  CONSTRAINT `fk_crm_role_domain` FOREIGN KEY (`domain_id`) REFERENCES `crm_domain` (`id`)
) ENGINE=InnoDB AUTO_INCREMENT=5 DEFAULT CHARSET=utf8mb4 COLLATE=utf8mb4_0900_ai_ci;
/*!40101 SET character_set_client = @saved_cs_client */;

--
-- Dumping data for table `crm_role`
--

LOCK TABLES `crm_role` WRITE;
/*!40000 ALTER TABLE `crm_role` DISABLE KEYS */;
INSERT INTO `crm_role` VALUES (1,'Admin',1),(2,'senior manager',1),(3,'BDM',1),(4,'BDE',1);
/*!40000 ALTER TABLE `crm_role` ENABLE KEYS */;
UNLOCK TABLES;

--
-- Table structure for table `crm_user`
--

DROP TABLE IF EXISTS `crm_user`;
/*!40101 SET @saved_cs_client     = @@character_set_client */;
/*!50503 SET character_set_client = utf8mb4 */;
CREATE TABLE `crm_user` (
  `user_id` int NOT NULL AUTO_INCREMENT,
  `name` varchar(255) DEFAULT NULL,
  `employed_id` int DEFAULT NULL,
  `employed_phone_number` varchar(15) DEFAULT NULL,
  `email_id` varchar(255) DEFAULT NULL,
  `password` varchar(255) DEFAULT NULL,
  `head_name` varchar(255) DEFAULT NULL,
  `role_id` int DEFAULT NULL,
  `domain_id` int DEFAULT NULL,
  PRIMARY KEY (`user_id`),
  UNIQUE KEY `nique_email` (`email_id`),
  KEY `role_id` (`role_id`),
  KEY `fk_crm_user_domain` (`domain_id`),
  KEY `idx_employed_id` (`employed_id`),
  CONSTRAINT `crm_user_ibfk_1` FOREIGN KEY (`role_id`) REFERENCES `crm_role` (`role_id`),
  CONSTRAINT `fk_crm_user_domain` FOREIGN KEY (`domain_id`) REFERENCES `crm_domain` (`id`)
) ENGINE=InnoDB AUTO_INCREMENT=92 DEFAULT CHARSET=utf8mb4 COLLATE=utf8mb4_0900_ai_ci;
/*!40101 SET character_set_client = @saved_cs_client */;

--
-- Dumping data for table `crm_user`
--

LOCK TABLES `crm_user` WRITE;
/*!40000 ALTER TABLE `crm_user` DISABLE KEYS */;
INSERT INTO `crm_user` VALUES (1,'ram',898734,'9988003213','ram@kggeniuslabs.com','ram@123','johnpaul',4,NULL),(29,'johnpaul',902918,'9994736580','johnpaul.j@kggeniuslabs.com','john@123','krishnapriya',2,NULL),(38,'admin',1,'9363466093','nursingjobs@kggeniuslabs.com','admin@123','admin',1,NULL),(54,'Vivin Richard',903137,'8838585398','vivin.r@kgisl.microcollege.in','vivin903137','admin',4,NULL),(76,'krishnapriya',902033,'9500844445','krishnapriya.p@kggeniuslabs.com','kp@123','admin',2,NULL),(77,'jack',908765,'9876543210','jack@kggeniuslabs.com','jack@123','johnpaul',3,NULL),(78,'ravi',901236,'9632587415','ravi@gmail.com','admin@123','jack',4,NULL),(79,'testusertwo',12,'1234567890','emailverification4@kggeniuslabs.com','1234','admin',4,NULL),(80,'testusertwo',12,'1234567890','email10@kggeniuslabs.com','1234','admin',3,NULL),(81,'raj',5236541,'8127066899','raj@kggeniuslabs.com','raj@123','admin',4,NULL),(87,'shankar',526987,'5874123698','shankar@kggeniuslabs.com','shankar@123','admin',2,NULL),(90,'joys infanta',903883,'6384622353','joysinfanta.f@kggeniuslabs.com','joys@123','admin',4,2),(91,'sanjeev raj',904012,'9840904199','sanjeevraj.s@kggeniuslabs.com','sanjeev@123','admin',4,2);
/*!40000 ALTER TABLE `crm_user` ENABLE KEYS */;
UNLOCK TABLES;

--
-- Table structure for table `lead_glactivity`
--

DROP TABLE IF EXISTS `lead_glactivity`;
/*!40101 SET @saved_cs_client     = @@character_set_client */;
/*!50503 SET character_set_client = utf8mb4 */;
CREATE TABLE `lead_glactivity` (
  `id` int NOT NULL AUTO_INCREMENT,
  `call_recording` varchar(255) DEFAULT NULL,
  `note` text,
  `employed_id` int DEFAULT NULL,
  `lead_id` int DEFAULT NULL,
  `lead_status_id` int DEFAULT NULL,
  `timesnap` timestamp NULL DEFAULT CURRENT_TIMESTAMP,
  PRIMARY KEY (`id`),
  KEY `employed_id` (`employed_id`),
  KEY `lead_id` (`lead_id`),
  KEY `lead_status_id` (`lead_status_id`),
  CONSTRAINT `lead_glactivity_ibfk_1` FOREIGN KEY (`employed_id`) REFERENCES `crm_user` (`employed_id`),
  CONSTRAINT `lead_glactivity_ibfk_2` FOREIGN KEY (`lead_id`) REFERENCES `crm_glprofile` (`id`),
  CONSTRAINT `lead_glactivity_ibfk_3` FOREIGN KEY (`lead_status_id`) REFERENCES `crm_lead_status` (`id`)
) ENGINE=InnoDB DEFAULT CHARSET=utf8mb4 COLLATE=utf8mb4_0900_ai_ci;
/*!40101 SET character_set_client = @saved_cs_client */;

--
-- Dumping data for table `lead_glactivity`
--

LOCK TABLES `lead_glactivity` WRITE;
/*!40000 ALTER TABLE `lead_glactivity` DISABLE KEYS */;
/*!40000 ALTER TABLE `lead_glactivity` ENABLE KEYS */;
UNLOCK TABLES;
/*!40103 SET TIME_ZONE=@OLD_TIME_ZONE */;

/*!40101 SET SQL_MODE=@OLD_SQL_MODE */;
/*!40014 SET FOREIGN_KEY_CHECKS=@OLD_FOREIGN_KEY_CHECKS */;
/*!40014 SET UNIQUE_CHECKS=@OLD_UNIQUE_CHECKS */;
/*!40101 SET CHARACTER_SET_CLIENT=@OLD_CHARACTER_SET_CLIENT */;
/*!40101 SET CHARACTER_SET_RESULTS=@OLD_CHARACTER_SET_RESULTS */;
/*!40101 SET COLLATION_CONNECTION=@OLD_COLLATION_CONNECTION */;
/*!40111 SET SQL_NOTES=@OLD_SQL_NOTES */;

-- Dump completed on 2024-08-13  9:10:15
