-- MySQL dump 10.13  Distrib 8.0.36, for Linux (x86_64)
--
-- Host: localhost    Database: crm
-- ------------------------------------------------------
-- Server version	8.0.36-0ubuntu0.20.04.1

/*!40101 SET @OLD_CHARACTER_SET_CLIENT=@@CHARACTER_SET_CLIENT */;
/*!40101 SET @OLD_CHARACTER_SET_RESULTS=@@CHARACTER_SET_RESULTS */;
/*!40101 SET @OLD_COLLATION_CONNECTION=@@COLLATION_CONNECTION */;
/*!50503 SET NAMES utf8mb4 */;
/*!40103 SET @OLD_TIME_ZONE=@@TIME_ZONE */;
/*!40103 SET TIME_ZONE='+00:00' */;
/*!40014 SET @OLD_UNIQUE_CHECKS=@@UNIQUE_CHECKS, UNIQUE_CHECKS=0 */;
/*!40014 SET @OLD_FOREIGN_KEY_CHECKS=@@FOREIGN_KEY_CHECKS, FOREIGN_KEY_CHECKS=0 */;
/*!40101 SET @OLD_SQL_MODE=@@SQL_MODE, SQL_MODE='NO_AUTO_VALUE_ON_ZERO' */;
/*!40111 SET @OLD_SQL_NOTES=@@SQL_NOTES, SQL_NOTES=0 */;

--
-- Table structure for table `crm_activity`
--

DROP TABLE IF EXISTS `crm_activity`;
/*!40101 SET @saved_cs_client     = @@character_set_client */;
/*!50503 SET character_set_client = utf8mb4 */;
CREATE TABLE `crm_activity` (
  `id` int NOT NULL AUTO_INCREMENT,
  `call_recording_type` varchar(255) DEFAULT NULL,
  `note_type` text,
  `employed_id` int DEFAULT NULL,
  `lead_id` varchar(255) DEFAULT NULL,
  `lead_status_id` int DEFAULT NULL,
  `timesnap` datetime DEFAULT CURRENT_TIMESTAMP,
  PRIMARY KEY (`id`),
  KEY `crm_activity_ibfk1_idx` (`employed_id`),
  KEY `crm_activity_ibfk2_idx` (`lead_id`),
  KEY `crm_statuspkfk_idx` (`lead_status_id`),
  CONSTRAINT `crm_statuspkfk` FOREIGN KEY (`lead_status_id`) REFERENCES `crm_lead_status` (`id`)
) ENGINE=InnoDB AUTO_INCREMENT=73 DEFAULT CHARSET=utf8mb4 COLLATE=utf8mb4_0900_ai_ci;
/*!40101 SET character_set_client = @saved_cs_client */;

--
-- Dumping data for table `crm_activity`
--

LOCK TABLES `crm_activity` WRITE;
/*!40000 ALTER TABLE `crm_activity` DISABLE KEYS */;
INSERT INTO `crm_activity` VALUES (1,NULL,'wrong number ',903137,'16',6,'2024-03-24 11:39:41'),(2,NULL,'male candidate',903137,'9',6,'2024-03-24 11:46:38'),(3,NULL,'male candidate',903137,'10',6,'2024-03-24 11:47:24'),(4,NULL,'male candidate',903137,'11',6,'2024-03-24 11:47:47'),(5,NULL,'male candidate',903137,'12',6,'2024-03-24 11:51:01'),(6,NULL,'doing masters ',903137,'13',3,'2024-03-24 11:52:28'),(7,NULL,'she is interested will send the resume ',903137,'14',7,'2024-03-24 11:58:33'),(8,NULL,'NOT INTERESTED',903137,'6',6,'2024-03-24 12:13:09'),(9,NULL,'MALE CANDIDATE',903137,'15',6,'2024-03-24 12:15:33'),(10,NULL,'MALE CANDIDATE',903137,'17',6,'2024-03-24 12:15:46'),(11,NULL,'MALE CANDIDATE',903137,'18',6,'2024-03-24 12:16:00'),(12,NULL,'WILL SEND THE RESUME SOON ',903137,'21',7,'2024-03-24 14:54:00'),(13,NULL,'MALE CANDIDATE',903137,'20',6,'2024-03-24 14:54:29'),(14,NULL,'MALE CANDIDATE',903137,'23',6,'2024-03-24 17:28:37'),(15,NULL,'MALE CANDIDATE',903137,'24',6,'2024-03-24 17:28:52'),(16,NULL,'MALE CANDIDATE',903137,'31',6,'2024-03-24 17:29:09'),(17,NULL,'MALE CANDIDATE',903137,'32',6,'2024-03-24 17:29:21'),(18,NULL,'disconnect the call immedeatly',903137,'3',9,'2024-03-25 10:51:11'),(19,NULL,'send resume ',903137,'49',7,'2024-03-25 11:47:43'),(20,NULL,'not interested now ',903137,'89',6,'2024-03-25 14:44:26'),(21,NULL,'MALE CANDIDATE',903137,'95',6,'2024-03-25 14:57:51'),(22,NULL,'WILL SEND THE RESUME ',903137,'93',7,'2024-03-25 15:12:29'),(23,NULL,'NOT INTERESTED ',903137,'86',6,'2024-03-25 15:20:58'),(24,NULL,'ALREADY IN GOVT JOB ',903137,'99',6,'2024-03-25 15:51:41'),(25,NULL,'NOT INTERESTED ',903137,'33',6,'2024-03-26 10:52:12'),(26,NULL,'NOT INTERESTED',903137,'41',6,'2024-03-26 11:01:29'),(27,NULL,'NOT INTERESTED',903137,'47',6,'2024-03-26 11:04:40'),(28,NULL,'NOT INTERESTED',903137,'59',6,'2024-03-26 11:48:00'),(29,NULL,'NEED TO FOLLOW UP ',903137,'65',8,'2024-03-26 11:59:23'),(30,NULL,'NOT INTERESTED',903137,'68',6,'2024-03-26 12:09:46'),(31,NULL,'WILL SEND RESUME INTERESTED FOR QATAR',903137,'110',7,'2024-03-26 15:57:29'),(32,NULL,'not interested',903137,'111',6,'2024-03-26 18:41:46'),(33,NULL,'not interested ',903137,'289',6,'2024-03-27 10:52:11'),(34,NULL,'male candidate',903137,'288',6,'2024-03-27 10:53:42'),(35,NULL,'wrong number ',903137,'287',9,'2024-03-27 10:55:02'),(36,NULL,'male candidate',903137,'286',6,'2024-03-27 10:55:34'),(37,NULL,'not interested',903137,'283',6,'2024-03-27 11:00:40'),(38,NULL,'male candidate',903137,'274',6,'2024-03-27 11:05:20'),(39,NULL,'not interested',903137,'273',6,'2024-03-27 11:26:33'),(40,NULL,'male candidate ',903137,'271',6,'2024-03-27 11:31:02'),(41,NULL,'MALE CANDIDATE',903137,'281',6,'2024-03-27 14:09:22'),(42,NULL,'	MALE CANDIDATE',903137,'278',6,'2024-03-27 14:09:42'),(43,NULL,'	MALE CANDIDATE',903137,'276',6,'2024-03-27 14:09:57'),(44,NULL,'	MALE CANDIDATE',903137,'275',6,'2024-03-27 14:10:09'),(45,NULL,'	MALE CANDIDATE',903137,'269',6,'2024-03-27 14:10:24'),(46,NULL,'	MALE CANDIDATE',903137,'268',6,'2024-03-27 14:10:39'),(47,NULL,'	MALE CANDIDATE',903137,'265',6,'2024-03-27 14:10:51'),(48,NULL,'	MALE CANDIDATE',903137,'260',6,'2024-03-27 14:11:03'),(49,NULL,'WILL SEND THE RESUME ',903137,'282',7,'2024-03-27 15:19:26'),(50,NULL,'not interested',903137,'272',6,'2024-03-27 16:04:00'),(51,NULL,'not interested',903137,'270',6,'2024-03-27 17:14:06'),(52,NULL,'WILL SEND THE RESUME ',903137,'264',7,'2024-03-28 11:18:37'),(53,NULL,'RECEIVED DOCUMENTS ',903137,'264',7,'2024-03-28 11:23:45'),(54,NULL,'MALE CANDIDATE',903137,'263',6,'2024-03-28 11:27:09'),(55,NULL,'WILL SEND THE RESUME IN ONE HOUR',903137,'261',7,'2024-03-28 11:56:09'),(56,NULL,'MALE CANDIDATE',903137,'258',6,'2024-03-28 14:31:53'),(57,NULL,'MALE CANDIDATE',903137,'254',6,'2024-03-28 14:42:14'),(58,NULL,'MALE CANDIDATE',903137,'253',6,'2024-03-28 14:44:30'),(59,NULL,'MALE CANDIDATE ',903137,'249',6,'2024-03-28 15:57:27'),(60,NULL,'NOT INTERESTED',903137,'279',6,'2024-03-28 18:15:17'),(61,NULL,'NOT INTERESTED',903137,'48',6,'2024-03-30 11:56:14'),(62,NULL,'NOT INTERESTED ',903137,'82',6,'2024-03-30 14:12:14'),(63,NULL,'WILL SEND RESUME IN HALF N HOUR',903137,'94',7,'2024-03-30 14:59:10'),(64,NULL,'WILL SEND THE RESUME IN HALF N HOUR',903137,'107',7,'2024-03-30 16:20:12'),(65,NULL,'WILL CALL 4.30PM',903137,'76',8,'2024-04-03 11:51:46'),(66,NULL,'DOING Msc NURSING ',903137,'83',6,'2024-04-03 12:00:53'),(67,NULL,'5pm need to call back',903137,'106',8,'2024-04-03 15:14:24'),(68,NULL,'will share here resume ',903137,'237',7,'2024-04-04 10:47:45'),(69,NULL,'not interested',903137,'239',6,'2024-04-04 10:54:15'),(70,NULL,'not interested',903137,'29',6,'2024-04-04 10:59:15'),(71,NULL,'will send the resume ',903137,'76',7,'2024-04-04 11:06:54'),(72,NULL,'SEND RESUME ',903137,'34',7,'2024-04-05 16:31:30');
/*!40000 ALTER TABLE `crm_activity` ENABLE KEYS */;
UNLOCK TABLES;

--
-- Table structure for table `crm_attribute`
--

DROP TABLE IF EXISTS `crm_attribute`;
/*!40101 SET @saved_cs_client     = @@character_set_client */;
/*!50503 SET character_set_client = utf8mb4 */;
CREATE TABLE `crm_attribute` (
  `employed_id` int DEFAULT NULL,
  `lead_id` int NOT NULL AUTO_INCREMENT,
  `lead_source_id` int DEFAULT NULL,
  `lead_entry_date` timestamp NULL DEFAULT CURRENT_TIMESTAMP,
  KEY `crm_attribut_ibfk1_idx` (`employed_id`),
  KEY `crm_attribut_ibfk1_idx1` (`lead_id`),
  KEY `crm_attribut_ibfk3_idx` (`lead_source_id`)
) ENGINE=InnoDB AUTO_INCREMENT=290 DEFAULT CHARSET=utf8mb4 COLLATE=utf8mb4_0900_ai_ci;
/*!40101 SET character_set_client = @saved_cs_client */;

--
-- Dumping data for table `crm_attribute`
--

LOCK TABLES `crm_attribute` WRITE;
/*!40000 ALTER TABLE `crm_attribute` DISABLE KEYS */;
INSERT INTO `crm_attribute` VALUES (903137,1,NULL,'2024-03-23 12:36:50'),(903137,2,NULL,'2024-03-23 12:36:50'),(903137,3,NULL,'2024-03-23 12:36:50'),(903137,4,NULL,'2024-03-23 12:36:50'),(903137,5,NULL,'2024-03-23 12:36:50'),(903137,6,NULL,'2024-03-23 12:36:50'),(903137,7,NULL,'2024-03-23 12:36:50'),(903137,8,NULL,'2024-03-23 12:36:50'),(903137,9,NULL,'2024-03-23 12:36:50'),(903137,10,NULL,'2024-03-23 12:36:50'),(903137,11,NULL,'2024-03-23 12:36:50'),(903137,12,NULL,'2024-03-23 12:36:50'),(903137,13,NULL,'2024-03-23 12:36:50'),(903137,14,NULL,'2024-03-23 12:36:50'),(903137,15,NULL,'2024-03-23 12:36:50'),(903137,16,NULL,'2024-03-23 12:36:50'),(903137,17,NULL,'2024-03-23 12:36:50'),(903137,18,NULL,'2024-03-23 12:36:50'),(903137,19,NULL,'2024-03-23 12:36:50'),(903137,20,NULL,'2024-03-23 12:36:50'),(903137,21,NULL,'2024-03-23 12:36:50'),(903137,22,NULL,'2024-03-23 12:36:50'),(903137,23,NULL,'2024-03-23 12:36:50'),(903137,24,NULL,'2024-03-23 12:36:50'),(903137,25,NULL,'2024-03-23 12:36:50'),(903137,26,NULL,'2024-03-23 12:36:50'),(903137,27,NULL,'2024-03-23 12:36:50'),(903137,28,NULL,'2024-03-23 12:36:50'),(903137,29,NULL,'2024-03-23 12:36:50'),(903137,30,NULL,'2024-03-23 12:36:50'),(903137,31,NULL,'2024-03-23 12:36:50'),(903137,32,NULL,'2024-03-23 12:36:50'),(903137,33,NULL,'2024-03-23 12:36:50'),(903137,34,NULL,'2024-03-23 12:36:50'),(903137,35,NULL,'2024-03-23 12:36:50'),(903137,36,NULL,'2024-03-23 12:36:50'),(903137,37,NULL,'2024-03-23 12:36:50'),(903137,38,NULL,'2024-03-23 12:36:50'),(903137,39,NULL,'2024-03-23 12:36:50'),(903137,40,NULL,'2024-03-23 12:36:50'),(903137,41,NULL,'2024-03-23 12:36:50'),(903137,42,NULL,'2024-03-23 12:36:50'),(903137,43,NULL,'2024-03-23 12:36:50'),(903137,44,NULL,'2024-03-23 12:36:50'),(903137,45,NULL,'2024-03-23 12:36:50'),(903137,46,NULL,'2024-03-23 12:36:50'),(903137,47,NULL,'2024-03-23 12:36:50'),(903137,48,NULL,'2024-03-23 12:36:50'),(903137,49,NULL,'2024-03-23 12:36:50'),(903137,50,NULL,'2024-03-23 12:36:50'),(903137,51,NULL,'2024-03-23 12:36:50'),(903137,52,NULL,'2024-03-23 12:36:50'),(903137,53,NULL,'2024-03-23 12:36:50'),(903137,54,NULL,'2024-03-23 12:36:50'),(903137,55,NULL,'2024-03-23 12:36:50'),(903137,56,NULL,'2024-03-23 12:36:50'),(903137,57,NULL,'2024-03-23 12:36:50'),(903137,58,NULL,'2024-03-23 12:36:50'),(903137,59,NULL,'2024-03-23 12:36:50'),(903137,60,NULL,'2024-03-23 12:36:50'),(903137,61,NULL,'2024-03-23 12:36:50'),(903137,62,NULL,'2024-03-23 12:36:50'),(903137,63,NULL,'2024-03-23 12:36:50'),(903137,64,NULL,'2024-03-23 12:36:50'),(903137,65,NULL,'2024-03-23 12:36:50'),(903137,66,NULL,'2024-03-23 12:36:50'),(903137,67,NULL,'2024-03-23 12:36:50'),(903137,68,NULL,'2024-03-23 12:36:50'),(903137,69,NULL,'2024-03-23 12:36:50'),(903137,70,NULL,'2024-03-23 12:36:50'),(903137,71,NULL,'2024-03-23 12:36:50'),(903137,72,NULL,'2024-03-23 12:36:50'),(903137,73,NULL,'2024-03-23 12:36:50'),(903137,74,NULL,'2024-03-23 12:36:50'),(903137,75,NULL,'2024-03-23 12:36:50'),(903137,76,NULL,'2024-03-23 12:36:50'),(903137,77,NULL,'2024-03-23 12:36:50'),(903137,78,NULL,'2024-03-23 12:36:50'),(903137,79,NULL,'2024-03-23 12:36:50'),(903137,80,NULL,'2024-03-23 12:36:50'),(903137,81,NULL,'2024-03-23 12:36:50'),(903137,82,NULL,'2024-03-23 12:36:50'),(903137,83,NULL,'2024-03-23 12:36:50'),(903137,84,NULL,'2024-03-23 12:36:50'),(903137,85,NULL,'2024-03-23 12:36:50'),(903137,86,NULL,'2024-03-23 12:36:50'),(903137,87,NULL,'2024-03-23 12:36:50'),(903137,88,NULL,'2024-03-23 12:36:50'),(903137,89,NULL,'2024-03-23 12:36:50'),(903137,90,NULL,'2024-03-23 12:36:50'),(903137,91,NULL,'2024-03-23 12:36:50'),(903137,92,NULL,'2024-03-23 12:36:50'),(903137,93,NULL,'2024-03-23 12:36:50'),(903137,94,NULL,'2024-03-23 12:36:50'),(903137,95,NULL,'2024-03-23 12:36:50'),(903137,96,NULL,'2024-03-23 12:36:50'),(903137,97,NULL,'2024-03-23 12:36:50'),(903137,98,NULL,'2024-03-23 12:36:50'),(903137,99,NULL,'2024-03-23 12:36:50'),(903137,100,NULL,'2024-03-23 12:36:50'),(903137,101,NULL,'2024-03-23 12:36:50'),(903137,102,NULL,'2024-03-23 12:36:50'),(903137,103,NULL,'2024-03-23 12:36:50'),(903137,104,NULL,'2024-03-23 12:36:50'),(903137,105,NULL,'2024-03-23 12:36:50'),(903137,106,NULL,'2024-03-23 12:36:50'),(903137,107,NULL,'2024-03-23 12:36:50'),(903137,108,NULL,'2024-03-23 12:36:50'),(903137,109,NULL,'2024-03-23 12:36:50'),(903137,110,NULL,'2024-03-23 12:36:50'),(903137,111,NULL,'2024-03-23 12:36:50'),(903137,112,NULL,'2024-03-23 12:36:50'),(903137,113,NULL,'2024-03-23 12:36:50'),(903137,114,NULL,'2024-03-23 12:36:50'),(903137,115,NULL,'2024-03-23 12:36:50'),(903137,116,NULL,'2024-03-23 12:36:50'),(903137,117,NULL,'2024-03-23 12:36:50'),(903137,118,NULL,'2024-03-23 12:36:50'),(903137,119,NULL,'2024-03-23 12:36:50'),(903137,120,NULL,'2024-03-23 12:36:50'),(903137,121,NULL,'2024-03-23 12:36:50'),(903137,122,NULL,'2024-03-23 12:36:50'),(903137,123,NULL,'2024-03-23 12:36:50'),(903137,124,NULL,'2024-03-23 12:36:50'),(903137,125,NULL,'2024-03-23 12:36:50'),(903137,126,NULL,'2024-03-23 12:36:50'),(903137,127,NULL,'2024-03-23 12:36:50'),(903137,128,NULL,'2024-03-23 12:36:50'),(903137,129,NULL,'2024-03-23 12:36:50'),(903137,130,NULL,'2024-03-23 12:36:50'),(903137,131,NULL,'2024-03-23 12:36:50'),(903137,132,NULL,'2024-03-23 12:36:50'),(903137,133,NULL,'2024-03-23 12:36:50'),(903137,134,NULL,'2024-03-23 12:36:50'),(903137,135,NULL,'2024-03-23 12:36:50'),(903137,136,NULL,'2024-03-23 12:36:50'),(903137,137,NULL,'2024-03-23 12:36:50'),(903137,138,NULL,'2024-03-23 12:36:50'),(903137,139,NULL,'2024-03-23 12:36:50'),(903137,140,NULL,'2024-03-23 12:36:50'),(903137,141,NULL,'2024-03-23 12:36:50'),(903137,142,NULL,'2024-03-23 12:36:50'),(903137,143,NULL,'2024-03-23 12:36:50'),(903137,144,NULL,'2024-03-23 12:36:50'),(903137,145,NULL,'2024-03-23 12:36:50'),(903137,146,NULL,'2024-03-23 12:36:50'),(903137,147,NULL,'2024-03-23 12:36:50'),(903137,148,NULL,'2024-03-23 12:36:50'),(903137,149,NULL,'2024-03-23 12:36:50'),(903137,150,NULL,'2024-03-23 12:36:50'),(903137,151,NULL,'2024-03-23 12:36:50'),(903137,152,NULL,'2024-03-23 12:36:50'),(903137,153,NULL,'2024-03-23 12:36:50'),(903137,154,NULL,'2024-03-23 12:36:50'),(903137,155,NULL,'2024-03-23 12:36:50'),(903137,156,NULL,'2024-03-23 12:36:50'),(903137,157,NULL,'2024-03-23 12:36:50'),(903137,158,NULL,'2024-03-23 12:36:50'),(903137,159,NULL,'2024-03-23 12:36:50'),(903137,160,NULL,'2024-03-23 12:36:50'),(903137,161,NULL,'2024-03-23 12:36:50'),(903137,162,NULL,'2024-03-23 12:36:50'),(903137,163,NULL,'2024-03-23 12:36:50'),(903137,164,NULL,'2024-03-23 12:36:50'),(903137,165,NULL,'2024-03-23 12:36:50'),(903137,166,NULL,'2024-03-23 12:36:50'),(903137,167,NULL,'2024-03-23 12:36:50'),(903137,168,NULL,'2024-03-23 12:36:50'),(903137,169,NULL,'2024-03-23 12:36:50'),(903137,170,NULL,'2024-03-23 12:36:50'),(903137,171,NULL,'2024-03-23 12:36:50'),(903137,172,NULL,'2024-03-23 12:36:50'),(903137,173,NULL,'2024-03-23 12:36:50'),(903137,174,NULL,'2024-03-23 12:36:50'),(903137,175,NULL,'2024-03-23 12:36:50'),(903137,176,NULL,'2024-03-23 12:36:50'),(903137,177,NULL,'2024-03-23 12:36:50'),(903137,178,NULL,'2024-03-23 12:36:50'),(903137,179,NULL,'2024-03-23 12:36:50'),(903137,180,NULL,'2024-03-23 12:36:50'),(903137,181,NULL,'2024-03-23 12:36:50'),(903137,182,NULL,'2024-03-23 12:36:50'),(903137,183,NULL,'2024-03-23 12:36:50'),(903137,184,NULL,'2024-03-23 12:36:50'),(903137,185,NULL,'2024-03-23 12:36:50'),(903137,186,NULL,'2024-03-23 12:36:50'),(903137,187,NULL,'2024-03-23 12:36:50'),(903137,188,NULL,'2024-03-23 12:36:50'),(903137,189,NULL,'2024-03-23 12:36:50'),(903137,190,NULL,'2024-03-23 12:36:50'),(903137,191,NULL,'2024-03-23 12:36:50'),(903137,192,NULL,'2024-03-23 12:36:50'),(903137,193,NULL,'2024-03-23 12:36:50'),(903137,194,NULL,'2024-03-23 12:36:50'),(903137,195,NULL,'2024-03-23 12:36:50'),(903137,196,NULL,'2024-03-23 12:36:50'),(903137,197,NULL,'2024-03-23 12:36:50'),(903137,198,NULL,'2024-03-23 12:36:50'),(903137,199,NULL,'2024-03-23 12:36:50'),(903137,200,NULL,'2024-03-23 12:36:50'),(903137,201,NULL,'2024-03-23 12:36:50'),(903137,202,NULL,'2024-03-23 12:36:50'),(903137,203,NULL,'2024-03-23 12:36:50'),(903137,204,NULL,'2024-03-23 12:36:50'),(903137,205,NULL,'2024-03-23 12:36:50'),(903137,206,NULL,'2024-03-23 12:36:50'),(903137,207,NULL,'2024-03-23 12:36:50'),(903137,208,NULL,'2024-03-23 12:36:50'),(903137,209,NULL,'2024-03-23 12:36:50'),(903137,210,NULL,'2024-03-23 12:36:50'),(903137,211,NULL,'2024-03-23 12:36:50'),(903137,212,NULL,'2024-03-23 12:36:50'),(903137,213,NULL,'2024-03-23 12:36:50'),(903137,214,NULL,'2024-03-23 12:36:50'),(903137,215,NULL,'2024-03-23 12:36:50'),(903137,216,NULL,'2024-03-23 12:36:50'),(903137,217,NULL,'2024-03-23 12:36:50'),(903137,218,NULL,'2024-03-23 12:36:50'),(903137,219,NULL,'2024-03-23 12:36:50'),(903137,220,NULL,'2024-03-23 12:36:50'),(903137,221,NULL,'2024-03-23 12:36:50'),(903137,222,NULL,'2024-03-23 12:36:50'),(903137,223,NULL,'2024-03-23 12:36:50'),(903137,224,NULL,'2024-03-23 12:36:50'),(903137,225,NULL,'2024-03-23 12:36:50'),(903137,226,NULL,'2024-03-23 12:36:50'),(903137,227,NULL,'2024-03-23 12:36:50'),(903137,228,NULL,'2024-03-23 12:36:50'),(903137,229,NULL,'2024-03-23 12:36:50'),(903137,230,NULL,'2024-03-23 12:36:50'),(903137,231,NULL,'2024-03-23 12:36:50'),(903137,232,NULL,'2024-03-23 12:36:50'),(903137,233,NULL,'2024-03-23 12:36:50'),(903137,234,NULL,'2024-03-23 12:36:50'),(903137,235,NULL,'2024-03-23 12:36:50'),(903137,236,NULL,'2024-03-23 12:36:50'),(903137,237,NULL,'2024-03-23 12:36:50'),(903137,238,NULL,'2024-03-23 12:36:50'),(903137,239,NULL,'2024-03-23 12:36:50'),(903137,240,NULL,'2024-03-23 12:36:50'),(903137,241,NULL,'2024-03-23 12:36:50'),(903137,242,NULL,'2024-03-23 12:36:50'),(903137,243,NULL,'2024-03-23 12:36:50'),(903137,244,NULL,'2024-03-23 12:36:50'),(903137,245,NULL,'2024-03-23 12:36:50'),(903137,246,NULL,'2024-03-23 12:36:50'),(903137,247,NULL,'2024-03-23 12:36:50'),(903137,248,NULL,'2024-03-23 12:36:50'),(903137,249,NULL,'2024-03-23 12:36:50'),(903137,250,NULL,'2024-03-23 12:36:50'),(903137,251,NULL,'2024-03-23 12:36:50'),(903137,252,NULL,'2024-03-23 12:36:50'),(903137,253,NULL,'2024-03-23 12:36:50'),(903137,254,NULL,'2024-03-23 12:36:50'),(903137,255,NULL,'2024-03-23 12:36:50'),(903137,256,NULL,'2024-03-23 12:36:50'),(903137,257,NULL,'2024-03-23 12:36:50'),(903137,258,NULL,'2024-03-23 12:36:50'),(903137,259,NULL,'2024-03-23 12:36:50'),(903137,260,NULL,'2024-03-23 12:36:50'),(903137,261,NULL,'2024-03-23 12:36:50'),(903137,262,NULL,'2024-03-23 12:36:50'),(903137,263,NULL,'2024-03-23 12:36:50'),(903137,264,NULL,'2024-03-23 12:36:50'),(903137,265,NULL,'2024-03-23 12:36:50'),(903137,266,NULL,'2024-03-23 12:36:50'),(903137,267,NULL,'2024-03-23 12:36:50'),(903137,268,NULL,'2024-03-23 12:36:50'),(903137,269,NULL,'2024-03-23 12:36:50'),(903137,270,NULL,'2024-03-23 12:36:50'),(903137,271,NULL,'2024-03-23 12:36:50'),(903137,272,NULL,'2024-03-23 12:36:50'),(903137,273,NULL,'2024-03-23 12:36:50'),(903137,274,NULL,'2024-03-23 12:36:50'),(903137,275,NULL,'2024-03-23 12:36:50'),(903137,276,NULL,'2024-03-23 12:36:50'),(903137,277,NULL,'2024-03-23 12:36:50'),(903137,278,NULL,'2024-03-23 12:36:50'),(903137,279,NULL,'2024-03-23 12:36:50'),(903137,280,NULL,'2024-03-23 12:36:50'),(903137,281,NULL,'2024-03-23 12:36:50'),(903137,282,NULL,'2024-03-23 12:36:50'),(903137,283,NULL,'2024-03-23 12:36:50'),(903137,284,NULL,'2024-03-23 12:36:50'),(903137,285,NULL,'2024-03-23 12:36:50'),(903137,286,NULL,'2024-03-23 12:36:50'),(903137,287,NULL,'2024-03-23 12:36:50'),(903137,288,NULL,'2024-03-23 12:36:50'),(903137,289,NULL,'2024-03-23 12:36:50');
/*!40000 ALTER TABLE `crm_attribute` ENABLE KEYS */;
UNLOCK TABLES;

--
-- Table structure for table `crm_country`
--

DROP TABLE IF EXISTS `crm_country`;
/*!40101 SET @saved_cs_client     = @@character_set_client */;
/*!50503 SET character_set_client = utf8mb4 */;
CREATE TABLE `crm_country` (
  `id` int NOT NULL AUTO_INCREMENT,
  `country` varchar(255) DEFAULT NULL,
  PRIMARY KEY (`id`)
) ENGINE=InnoDB AUTO_INCREMENT=9 DEFAULT CHARSET=utf8mb4 COLLATE=utf8mb4_0900_ai_ci;
/*!40101 SET character_set_client = @saved_cs_client */;

--
-- Dumping data for table `crm_country`
--

LOCK TABLES `crm_country` WRITE;
/*!40000 ALTER TABLE `crm_country` DISABLE KEYS */;
INSERT INTO `crm_country` VALUES (1,'Saudi Arabia'),(2,'Dubai'),(3,'Sharjah'),(4,'malaysia'),(5,'singapore'),(6,'United Kingdom'),(7,'United States'),(8,'any country');
/*!40000 ALTER TABLE `crm_country` ENABLE KEYS */;
UNLOCK TABLES;

--
-- Table structure for table `crm_lead_source`
--

DROP TABLE IF EXISTS `crm_lead_source`;
/*!40101 SET @saved_cs_client     = @@character_set_client */;
/*!50503 SET character_set_client = utf8mb4 */;
CREATE TABLE `crm_lead_source` (
  `id` int NOT NULL AUTO_INCREMENT,
  `source` varchar(255) DEFAULT NULL,
  PRIMARY KEY (`id`)
) ENGINE=InnoDB DEFAULT CHARSET=utf8mb4 COLLATE=utf8mb4_0900_ai_ci;
/*!40101 SET character_set_client = @saved_cs_client */;

--
-- Dumping data for table `crm_lead_source`
--

LOCK TABLES `crm_lead_source` WRITE;
/*!40000 ALTER TABLE `crm_lead_source` DISABLE KEYS */;
/*!40000 ALTER TABLE `crm_lead_source` ENABLE KEYS */;
UNLOCK TABLES;

--
-- Table structure for table `crm_lead_status`
--

DROP TABLE IF EXISTS `crm_lead_status`;
/*!40101 SET @saved_cs_client     = @@character_set_client */;
/*!50503 SET character_set_client = utf8mb4 */;
CREATE TABLE `crm_lead_status` (
  `id` int NOT NULL AUTO_INCREMENT,
  `status` varchar(255) DEFAULT NULL,
  PRIMARY KEY (`id`)
) ENGINE=InnoDB AUTO_INCREMENT=14 DEFAULT CHARSET=utf8mb4 COLLATE=utf8mb4_0900_ai_ci;
/*!40101 SET character_set_client = @saved_cs_client */;

--
-- Dumping data for table `crm_lead_status`
--

LOCK TABLES `crm_lead_status` WRITE;
/*!40000 ALTER TABLE `crm_lead_status` DISABLE KEYS */;
INSERT INTO `crm_lead_status` VALUES (1,'New Lead'),(2,'language barrier'),(3,'May Be Later'),(4,'Direct Demo Fixed'),(5,'Online Demo Fixed'),(6,'Not Intersted'),(7,'positive'),(8,'follow up'),(9,'Not Attending call'),(10,'payment initiated'),(11,'Enrolled'),(12,'Direct Demo completed'),(13,'Online Demo completed');
/*!40000 ALTER TABLE `crm_lead_status` ENABLE KEYS */;
UNLOCK TABLES;

--
-- Table structure for table `crm_profile`
--

DROP TABLE IF EXISTS `crm_profile`;
/*!40101 SET @saved_cs_client     = @@character_set_client */;
/*!50503 SET character_set_client = utf8mb4 */;
CREATE TABLE `crm_profile` (
  `lead_id` int NOT NULL AUTO_INCREMENT,
  `name` varchar(255) DEFAULT NULL,
  `phone_number` varchar(15) DEFAULT NULL,
  `alt_phone_number` varchar(15) DEFAULT NULL,
  `email_id` varchar(255) DEFAULT NULL,
  `degree` varchar(255) DEFAULT NULL,
  `year_of_passing` varchar(10) DEFAULT NULL,
  `percentage` varchar(10) DEFAULT NULL,
  `university` varchar(255) DEFAULT NULL,
  `city` varchar(255) DEFAULT NULL,
  `state` varchar(255) DEFAULT NULL,
  `experience` varchar(10) DEFAULT NULL,
  `specialization` varchar(255) DEFAULT NULL,
  `interested_country1_id` int DEFAULT NULL,
  `interested_country2_id` int DEFAULT NULL,
  `interested_country3_id` int DEFAULT NULL,
  `expected_salary` varchar(10) DEFAULT NULL,
  `status` int DEFAULT NULL,
  `date` timestamp NULL DEFAULT CURRENT_TIMESTAMP,
  `current_status` int DEFAULT NULL,
  PRIMARY KEY (`lead_id`),
  KEY `interested_country1_id` (`interested_country1_id`),
  KEY `interested_country2_id` (`interested_country2_id`),
  KEY `interested_country3_id` (`interested_country3_id`),
  KEY `crm_profile_ibfk_4_idx` (`current_status`),
  CONSTRAINT `crm_profile_ibfk_1` FOREIGN KEY (`interested_country1_id`) REFERENCES `crm_country` (`id`),
  CONSTRAINT `crm_profile_ibfk_2` FOREIGN KEY (`interested_country2_id`) REFERENCES `crm_country` (`id`),
  CONSTRAINT `crm_profile_ibfk_3` FOREIGN KEY (`interested_country3_id`) REFERENCES `crm_country` (`id`),
  CONSTRAINT `crm_profile_ibfk_4` FOREIGN KEY (`current_status`) REFERENCES `crm_lead_status` (`id`)
) ENGINE=InnoDB AUTO_INCREMENT=290 DEFAULT CHARSET=utf8mb4 COLLATE=utf8mb4_0900_ai_ci;
/*!40101 SET character_set_client = @saved_cs_client */;

--
-- Dumping data for table `crm_profile`
--

LOCK TABLES `crm_profile` WRITE;
/*!40000 ALTER TABLE `crm_profile` DISABLE KEYS */;
INSERT INTO `crm_profile` VALUES (1,'Athira vm','9961988197','','athiravm1999@gmail.com','','','','','','','','',8,8,8,'',NULL,'2024-03-23 12:36:50',6),(2,'Dhammjyoti Murmadkar','9689104723',NULL,'dmurmadkar@gmail.com',NULL,NULL,NULL,NULL,NULL,NULL,NULL,NULL,NULL,NULL,NULL,NULL,NULL,'2024-03-23 12:36:50',6),(3,'Rashu','6006643840',NULL,'rashushan71@gmail.com',NULL,NULL,NULL,NULL,NULL,NULL,NULL,NULL,NULL,NULL,NULL,NULL,NULL,'2024-03-23 12:36:50',9),(4,'Anju L P','8590340692',NULL,'anjupeter1998@gmail.com',NULL,NULL,NULL,NULL,NULL,NULL,NULL,NULL,NULL,NULL,NULL,NULL,NULL,'2024-03-23 12:36:50',6),(5,'Sowndharya','7708767845',NULL,'sowndharyasuresh03@gmail.com',NULL,NULL,NULL,NULL,NULL,NULL,NULL,NULL,NULL,NULL,NULL,NULL,NULL,'2024-03-23 12:36:50',1),(6,'Gayathri','9894516011',NULL,'ayyasamygayathri3@gmail.com',NULL,NULL,NULL,NULL,NULL,NULL,NULL,NULL,NULL,NULL,NULL,NULL,NULL,'2024-03-23 12:36:50',6),(7,'Arunacm','9207169462',NULL,'arunacm1998@gmail.com',NULL,NULL,NULL,NULL,NULL,NULL,NULL,NULL,NULL,NULL,NULL,NULL,NULL,'2024-03-23 12:36:50',1),(8,'Dipika Sanket Jambare','9702115749',NULL,'jdipika72@gmail.com',NULL,NULL,NULL,NULL,NULL,NULL,NULL,NULL,NULL,NULL,NULL,NULL,NULL,'2024-03-23 12:36:50',6),(9,'Nadeem Ahmad Malik','7051874490',NULL,'maliknadem676@gmail.com',NULL,NULL,NULL,NULL,NULL,NULL,NULL,NULL,NULL,NULL,NULL,NULL,NULL,'2024-03-23 12:36:50',6),(10,'Arunpandi','6374794103',NULL,'arunvijay0106@gmail.com',NULL,NULL,NULL,NULL,NULL,NULL,NULL,NULL,NULL,NULL,NULL,NULL,NULL,'2024-03-23 12:36:50',6),(11,'Amjad Roshan E','7736841300',NULL,'anjurosmon@gmail.com',NULL,NULL,NULL,NULL,NULL,NULL,NULL,NULL,NULL,NULL,NULL,NULL,NULL,'2024-03-23 12:36:50',6),(12,'Amit Barman','7001132053',NULL,'barmanamit317@gmail.com',NULL,NULL,NULL,NULL,NULL,NULL,NULL,NULL,NULL,NULL,NULL,NULL,NULL,'2024-03-23 12:36:50',6),(13,'Sakshi','7018227271',NULL,'rhythmicsakshii143@gmail.com',NULL,NULL,NULL,NULL,NULL,NULL,NULL,NULL,NULL,NULL,NULL,NULL,NULL,'2024-03-23 12:36:50',3),(14,'Priyanka G Kharate','7026369618','7026369618','priyagkharate@gmail.com','Bsc Nursing ','2021','70%','rajiv gandhi ','Hubli','karnataka','3','Genecology',1,2,2,'100000.00',NULL,'2024-03-23 12:36:50',7),(15,'Majid Hussain Yatoo','8825028887',NULL,'majidyatoo3@gmail.com',NULL,NULL,NULL,NULL,NULL,NULL,NULL,NULL,NULL,NULL,NULL,NULL,NULL,'2024-03-23 12:36:50',6),(16,'Nikita Tare','7385067384',NULL,'tarenikita97@gmail.com',NULL,NULL,NULL,NULL,NULL,NULL,NULL,NULL,NULL,NULL,NULL,NULL,NULL,'2024-03-23 12:36:50',6),(17,'Sachin','8792464108',NULL,'sachin17397@gmail.com',NULL,NULL,NULL,NULL,NULL,NULL,NULL,NULL,NULL,NULL,NULL,NULL,NULL,'2024-03-23 12:36:50',6),(18,'Kitimen Jamir','8837240265',NULL,'18kjamir@gmail.com',NULL,NULL,NULL,NULL,NULL,NULL,NULL,NULL,NULL,NULL,NULL,NULL,NULL,'2024-03-23 12:36:50',6),(19,'Sujithra.b','8610131899',NULL,'sujithra161999@gmail.com',NULL,NULL,NULL,NULL,NULL,NULL,NULL,NULL,NULL,NULL,NULL,NULL,NULL,'2024-03-23 12:36:50',6),(20,'Suraj Kokare','9146463417',NULL,'surajkokare15899@gmail.com',NULL,NULL,NULL,NULL,NULL,NULL,NULL,NULL,NULL,NULL,NULL,NULL,NULL,'2024-03-23 12:36:50',6),(21,'Harshita Sharma','6230361989','7018234319','sharma.harshita696@gmail.com','Bsc Nursing ','2020','70','himachal pradesh','KASOL','himachal pradesh','2','cardiac',6,2,2,'100000.00',NULL,'2024-03-23 12:36:50',7),(22,'Shubham','8830588171',NULL,'smore7990@gmail.com',NULL,NULL,NULL,NULL,NULL,NULL,NULL,NULL,NULL,NULL,NULL,NULL,NULL,'2024-03-23 12:36:50',6),(23,'Parveen Khatoon','6390236953',NULL,'parveenkhan.bltr@gmail.com',NULL,NULL,NULL,NULL,NULL,NULL,NULL,NULL,NULL,NULL,NULL,NULL,NULL,'2024-03-23 12:36:50',6),(24,'Prince Sharma','7889549484',NULL,'pnce9594@gmail.com',NULL,NULL,NULL,NULL,NULL,NULL,NULL,NULL,NULL,NULL,NULL,NULL,NULL,'2024-03-23 12:36:50',6),(25,'Amy John','8810243159',NULL,'amyjohn0712@gmail.com',NULL,NULL,NULL,NULL,NULL,NULL,NULL,NULL,NULL,NULL,NULL,NULL,NULL,'2024-03-23 12:36:50',6),(26,'Geeta','8595610703',NULL,'geeta9210506672@gmail.com',NULL,NULL,NULL,NULL,NULL,NULL,NULL,NULL,NULL,NULL,NULL,NULL,NULL,'2024-03-23 12:36:50',6),(27,'Gayatri Salve','8483942416',NULL,'gayatrisalve8@gmail.com',NULL,NULL,NULL,NULL,NULL,NULL,NULL,NULL,NULL,NULL,NULL,NULL,NULL,'2024-03-23 12:36:50',7),(28,'Shristi Amisha Ekka','8250037408',NULL,'amishaekka17@gmail.com',NULL,NULL,NULL,NULL,NULL,NULL,NULL,NULL,NULL,NULL,NULL,NULL,NULL,'2024-03-23 12:36:50',6),(29,'Reshmi Biswas','8787453280',NULL,'biswasreshmi1998@gmail.com',NULL,NULL,NULL,NULL,NULL,NULL,NULL,NULL,NULL,NULL,NULL,NULL,NULL,'2024-03-23 12:36:50',6),(30,'Neelam Rawal','7889965909',NULL,'neelam.rawal04052001@gmail.com',NULL,NULL,NULL,NULL,NULL,NULL,NULL,NULL,NULL,NULL,NULL,NULL,NULL,'2024-03-23 12:36:50',1),(31,'Nawed Khan','8279310716',NULL,'nawed741@gmail.com',NULL,NULL,NULL,NULL,NULL,NULL,NULL,NULL,NULL,NULL,NULL,NULL,NULL,'2024-03-23 12:36:50',6),(32,'Pramod Kumar','9314297634',NULL,'aksaini5806@gmail.com',NULL,NULL,NULL,NULL,NULL,NULL,NULL,NULL,NULL,NULL,NULL,NULL,NULL,'2024-03-23 12:36:50',6),(33,'Aniruddha Bhagat','8554892149',NULL,'anirudhbhgt@gmail.com',NULL,NULL,NULL,NULL,NULL,NULL,NULL,NULL,NULL,NULL,NULL,NULL,NULL,'2024-03-23 12:36:50',6),(34,'Hanishaa J','8300908011','','hanishaaj1999@gmail.com','Bsc Nursing ','2021','67','Dr. MGR ','TIRCHY','Tamilnadu','2','critical icu',1,8,8,'100000',NULL,'2024-03-23 12:36:50',7),(35,'Federica Diengdoh','8258846441',NULL,'federicadiengdoh@gmail.com',NULL,NULL,NULL,NULL,NULL,NULL,NULL,NULL,NULL,NULL,NULL,NULL,NULL,'2024-03-23 12:36:50',1),(36,'Nisha Bhakuni','6398508804',NULL,'nishabhakuni01@gmail.com',NULL,NULL,NULL,NULL,NULL,NULL,NULL,NULL,NULL,NULL,NULL,NULL,NULL,'2024-03-23 12:36:50',6),(37,'Ammu P','8086957481',NULL,'ammu29743@gmail.com',NULL,NULL,NULL,NULL,NULL,NULL,NULL,NULL,NULL,NULL,NULL,NULL,NULL,'2024-03-23 12:36:50',6),(38,'Samata Chavan','9922316758',NULL,'chavangouri44@gmail.com',NULL,NULL,NULL,NULL,NULL,NULL,NULL,NULL,NULL,NULL,NULL,NULL,NULL,'2024-03-23 12:36:50',6),(39,'Praveen. J','9677776515',NULL,'praveenpa055@gmail.com',NULL,NULL,NULL,NULL,NULL,NULL,NULL,NULL,NULL,NULL,NULL,NULL,NULL,'2024-03-23 12:36:50',6),(40,'Pramod Nanasaheb Misal','8806280953',NULL,'misalpramod21@gmail.com',NULL,NULL,NULL,NULL,NULL,NULL,NULL,NULL,NULL,NULL,NULL,NULL,NULL,'2024-03-23 12:36:50',6),(41,'Sneha Bovivaddqr','7760150886',NULL,'snehaub07@gmail.com',NULL,NULL,NULL,NULL,NULL,NULL,NULL,NULL,NULL,NULL,NULL,NULL,NULL,'2024-03-23 12:36:50',6),(42,'Ashish Yadav','7451893981',NULL,'yadava8933@gmail.com',NULL,NULL,NULL,NULL,NULL,NULL,NULL,NULL,NULL,NULL,NULL,NULL,NULL,'2024-03-23 12:36:50',6),(43,'Sai','8309369162',NULL,'mlsprakash1998@gmail.com',NULL,NULL,NULL,NULL,NULL,NULL,NULL,NULL,NULL,NULL,NULL,NULL,NULL,'2024-03-23 12:36:50',6),(44,'Libin','7550315078',NULL,'libinrockz1010@gmail.com',NULL,NULL,NULL,NULL,NULL,NULL,NULL,NULL,NULL,NULL,NULL,NULL,NULL,'2024-03-23 12:36:50',6),(45,'Hitesha Pagare','9867236248',NULL,'hiteshapagare1@gmail.com',NULL,NULL,NULL,NULL,NULL,NULL,NULL,NULL,NULL,NULL,NULL,NULL,NULL,'2024-03-23 12:36:50',6),(46,'Riyaz Nadaf','8792263017',NULL,'riyaznadaf2017@gmail.com',NULL,NULL,NULL,NULL,NULL,NULL,NULL,NULL,NULL,NULL,NULL,NULL,NULL,'2024-03-23 12:36:50',6),(47,'Meenakshi','9087216964',NULL,'rockstarmeenukutty1999@gmail.com',NULL,NULL,NULL,NULL,NULL,NULL,NULL,NULL,NULL,NULL,NULL,NULL,NULL,'2024-03-23 12:36:50',6),(48,'Aiswarya','8304092810',NULL,'anuvishwanathan998@gmail.com',NULL,NULL,NULL,NULL,NULL,NULL,NULL,NULL,NULL,NULL,NULL,NULL,NULL,'2024-03-23 12:36:50',6),(49,'Bhagyashree Swain','9078870536',NULL,'bhagyashreeswain8917@gmail.com',NULL,NULL,NULL,NULL,NULL,NULL,NULL,NULL,NULL,NULL,NULL,NULL,NULL,'2024-03-23 12:36:50',7),(50,'Ann Bridget Fernandes','7743960845',NULL,'annfernandes684@gmail.com',NULL,NULL,NULL,NULL,NULL,NULL,NULL,NULL,NULL,NULL,NULL,NULL,NULL,'2024-03-23 12:36:50',6),(51,'D Sandhiya','8302548481',NULL,'sanrasandy221@gmail.com',NULL,NULL,NULL,NULL,NULL,NULL,NULL,NULL,NULL,NULL,NULL,NULL,NULL,'2024-03-23 12:36:50',1),(52,'Anmol Kumar','9443845294',NULL,'Anmolkumar4601@gmail.com',NULL,NULL,NULL,NULL,NULL,NULL,NULL,NULL,NULL,NULL,NULL,NULL,NULL,'2024-03-23 12:36:50',6),(53,'Prachi Prasad','8319434735',NULL,'prachiprasad188@gmail.com',NULL,NULL,NULL,NULL,NULL,NULL,NULL,NULL,NULL,NULL,NULL,NULL,NULL,'2024-03-23 12:36:50',6),(54,'Chaudhary Vikram','8637866219',NULL,'vsc23092001@gmail.com',NULL,NULL,NULL,NULL,NULL,NULL,NULL,NULL,NULL,NULL,NULL,NULL,NULL,'2024-03-23 12:36:50',6),(55,'Bappi Das','7062844287',NULL,'dasbappi177@gmail.com',NULL,NULL,NULL,NULL,NULL,NULL,NULL,NULL,NULL,NULL,NULL,NULL,NULL,'2024-03-23 12:36:50',6),(56,'Himmata Ram','9553710757',NULL,'Choudharyhimmataram@gmail.com',NULL,NULL,NULL,NULL,NULL,NULL,NULL,NULL,NULL,NULL,NULL,NULL,NULL,'2024-03-23 12:36:50',6),(57,'Kunal Rathore','9542984437',NULL,'Kunal.rathore.1997@gmail.com',NULL,NULL,NULL,NULL,NULL,NULL,NULL,NULL,NULL,NULL,NULL,NULL,NULL,'2024-03-23 12:36:50',6),(58,'Pratik Sanjay Sathe','7624822312',NULL,'pratiksathe007@gmail.com',NULL,NULL,NULL,NULL,NULL,NULL,NULL,NULL,NULL,NULL,NULL,NULL,NULL,'2024-03-23 12:36:50',6),(59,'Amisha Gupta','8789056496',NULL,'amishagupta159@gmail.com',NULL,NULL,NULL,NULL,NULL,NULL,NULL,NULL,NULL,NULL,NULL,NULL,NULL,'2024-03-23 12:36:50',6),(60,'Neha Singh','',NULL,'nehasinghchoccy37@gmail.com',NULL,NULL,NULL,NULL,NULL,NULL,NULL,NULL,NULL,NULL,NULL,NULL,NULL,'2024-03-23 12:36:50',6),(61,'Rashmi Kushwaha','8357071812',NULL,'rashmikushwaha2554@gmail.com',NULL,NULL,NULL,NULL,NULL,NULL,NULL,NULL,NULL,NULL,NULL,NULL,NULL,'2024-03-23 12:36:50',1),(62,'Yasir Arafat','8127604194',NULL,'yasirarfat3032@gmail.com',NULL,NULL,NULL,NULL,NULL,NULL,NULL,NULL,NULL,NULL,NULL,NULL,NULL,'2024-03-23 12:36:50',6),(63,'Omprakash','8085983765',NULL,'prakashmandloi3571@gmail.com',NULL,NULL,NULL,NULL,NULL,NULL,NULL,NULL,NULL,NULL,NULL,NULL,NULL,'2024-03-23 12:36:50',6),(64,'Babita Hazra','7365879969',NULL,'hazrababita3@gmail.com',NULL,NULL,NULL,NULL,NULL,NULL,NULL,NULL,NULL,NULL,NULL,NULL,NULL,'2024-03-23 12:36:50',6),(65,'Vruta Vaidya','9081848438',NULL,'vrutavaidya@gmail.com',NULL,NULL,NULL,NULL,NULL,NULL,NULL,NULL,NULL,NULL,NULL,NULL,NULL,'2024-03-23 12:36:50',8),(66,'Jadhav Savitha','7893451190',NULL,'jsavi789@gmail.com',NULL,NULL,NULL,NULL,NULL,NULL,NULL,NULL,NULL,NULL,NULL,NULL,NULL,'2024-03-23 12:36:50',7),(67,'Reshma Pawar','7666908550',NULL,'pawar2003reshma@gmail.com',NULL,NULL,NULL,NULL,NULL,NULL,NULL,NULL,NULL,NULL,NULL,NULL,NULL,'2024-03-23 12:36:50',6),(68,'Shrabani Panja','9620931854',NULL,'srabanipanja680@gmail.com',NULL,NULL,NULL,NULL,NULL,NULL,NULL,NULL,NULL,NULL,NULL,NULL,NULL,'2024-03-23 12:36:50',6),(69,'Joysree Bose','7085858403',NULL,'joysreebose123@gmail.com',NULL,NULL,NULL,NULL,NULL,NULL,NULL,NULL,NULL,NULL,NULL,NULL,NULL,'2024-03-23 12:36:50',6),(70,'Daris Deva Priya','7709569841',NULL,'daisydaris1882dd@gmail.com',NULL,NULL,NULL,NULL,NULL,NULL,NULL,NULL,NULL,NULL,NULL,NULL,NULL,'2024-03-23 12:36:50',6),(71,'Mahesh Kumar Yadav','6307091052',NULL,'my1050269@gmail.com',NULL,NULL,NULL,NULL,NULL,NULL,NULL,NULL,NULL,NULL,NULL,NULL,NULL,'2024-03-23 12:36:50',6),(72,'B.sunil Kumar','7799882395',NULL,'joshuvasunil1999@gmail.com',NULL,NULL,NULL,NULL,NULL,NULL,NULL,NULL,NULL,NULL,NULL,NULL,NULL,'2024-03-23 12:36:50',6),(73,'Ashok Kumar Siwal','8740954355',NULL,'ashoksiwal11@gmail.com',NULL,NULL,NULL,NULL,NULL,NULL,NULL,NULL,NULL,NULL,NULL,NULL,NULL,'2024-03-23 12:36:50',6),(74,'Keshav Kumar','9430030682',NULL,'kanhaiya94300@gmail.com',NULL,NULL,NULL,NULL,NULL,NULL,NULL,NULL,NULL,NULL,NULL,NULL,NULL,'2024-03-23 12:36:50',6),(75,'Infant Raj D','7708528578',NULL,'immuraj2812@gmail.com',NULL,NULL,NULL,NULL,NULL,NULL,NULL,NULL,NULL,NULL,NULL,NULL,NULL,'2024-03-23 12:36:50',6),(76,'Indumathi','9092431221','','madhavanindu@gmail.com','Bsc Nursing ','2021','75','Dr. MGR ','chennai','Tamilnadu','2','critical icu',6,2,8,'100000',NULL,'2024-03-23 12:36:50',7),(77,'Harpal Patel','9174790452',NULL,'harpalpatel333@gmail.com',NULL,NULL,NULL,NULL,NULL,NULL,NULL,NULL,NULL,NULL,NULL,NULL,NULL,'2024-03-23 12:36:50',6),(78,'Mandeep Kaur','8178307296',NULL,'manukaur9643@gmail.com',NULL,NULL,NULL,NULL,NULL,NULL,NULL,NULL,NULL,NULL,NULL,NULL,NULL,'2024-03-23 12:36:50',6),(79,'Bhaveshkumar Gurjar','7202881401',NULL,'ahirbhavesh671@gmail.com',NULL,NULL,NULL,NULL,NULL,NULL,NULL,NULL,NULL,NULL,NULL,NULL,NULL,'2024-03-23 12:36:50',6),(80,'Velpula Melody','8106615046',NULL,'velpulamelody27@gmail.com',NULL,NULL,NULL,NULL,NULL,NULL,NULL,NULL,NULL,NULL,NULL,NULL,NULL,'2024-03-23 12:36:50',6),(81,'Ranveer Singh Dhayal','8769767110',NULL,'sranveer50@gmail.com',NULL,NULL,NULL,NULL,NULL,NULL,NULL,NULL,NULL,NULL,NULL,NULL,NULL,'2024-03-23 12:36:50',6),(82,'Pooja Jadhav','8668734172',NULL,'poojajadhav8424@gmail.com',NULL,NULL,NULL,NULL,NULL,NULL,NULL,NULL,NULL,NULL,NULL,NULL,NULL,'2024-03-23 12:36:50',6),(83,'Sabra Khan','7082235785',NULL,'sabrakhan600@gmail.com',NULL,NULL,NULL,NULL,NULL,NULL,NULL,NULL,NULL,NULL,NULL,NULL,NULL,'2024-03-23 12:36:50',6),(84,'Sukeshni Suresh Pawar','8625075745',NULL,'sukeshnipawar8@gmail.com',NULL,NULL,NULL,NULL,NULL,NULL,NULL,NULL,NULL,NULL,NULL,NULL,NULL,'2024-03-23 12:36:50',1),(85,'Pallabi Guria','7063628225',NULL,'guriapallabi99@gmail.com',NULL,NULL,NULL,NULL,NULL,NULL,NULL,NULL,NULL,NULL,NULL,NULL,NULL,'2024-03-23 12:36:50',1),(86,'Aishwarya Sankar','9629119174',NULL,'aishwarya1999sa@gmail.com',NULL,NULL,NULL,NULL,NULL,NULL,NULL,NULL,NULL,NULL,NULL,NULL,NULL,'2024-03-23 12:36:50',6),(87,'Rahul Sahebrao Ingle','7875457122',NULL,'inglerahul93@gmail.com',NULL,NULL,NULL,NULL,NULL,NULL,NULL,NULL,NULL,NULL,NULL,NULL,NULL,'2024-03-23 12:36:50',6),(88,'Swaroop','9380748835',NULL,'swaroopkumarck@gmail.com',NULL,NULL,NULL,NULL,NULL,NULL,NULL,NULL,NULL,NULL,NULL,NULL,NULL,'2024-03-23 12:36:50',6),(89,'Shruti Nair','9512503568',NULL,'shrutinair0309@gmail.com',NULL,NULL,NULL,NULL,NULL,NULL,NULL,NULL,NULL,NULL,NULL,NULL,NULL,'2024-03-23 12:36:50',6),(90,'Sumeet Supernakumar Ghate','9766367760',NULL,'sumeetghate03@gmail.com',NULL,NULL,NULL,NULL,NULL,NULL,NULL,NULL,NULL,NULL,NULL,NULL,NULL,'2024-03-23 12:36:50',1),(91,'Poonam Thakur','8894525434',NULL,'poonamthakur9905@gmail.com',NULL,NULL,NULL,NULL,NULL,NULL,NULL,NULL,NULL,NULL,NULL,NULL,NULL,'2024-03-23 12:36:50',1),(92,'Susmita Haldar','7363039553',NULL,'sushaldar11@gmail.com',NULL,NULL,NULL,NULL,NULL,NULL,NULL,NULL,NULL,NULL,NULL,NULL,NULL,'2024-03-23 12:36:50',1),(93,'Taniya Khatun','8967114308','8967114308','tkhatun697@gmail.com','Bsc Nursing ','2020','70','rajiv gandhi ','DELHI','DELHI ','2','NERO ICU',6,2,1,'100000.00',NULL,'2024-03-23 12:36:50',7),(94,'Senia Basra','7889262320','7889262320','senbasra71@gmail.com','Bsc Nursing ','2020','92','BABASRI UNIVERSITY','Ludhiana','PUNJAB','3.5','EMCH',6,8,8,'100000',NULL,'2024-03-23 12:36:50',7),(95,'Roomy Jan','6006694976',NULL,'roomy5478@gmail.com',NULL,NULL,NULL,NULL,NULL,NULL,NULL,NULL,NULL,NULL,NULL,NULL,NULL,'2024-03-23 12:36:50',6),(96,'Pallavi Paul','7679927922',NULL,'pallavipaulme92@gmail.com',NULL,NULL,NULL,NULL,NULL,NULL,NULL,NULL,NULL,NULL,NULL,NULL,NULL,'2024-03-23 12:36:50',6),(97,'Bandana Kumari Sharma','7807486062',NULL,'bandanas021098@gmail.com',NULL,NULL,NULL,NULL,NULL,NULL,NULL,NULL,NULL,NULL,NULL,NULL,NULL,'2024-03-23 12:36:50',1),(98,'Zainul Abidheen Mn','9895788012',NULL,'zainulabidheen9895@gmail.com',NULL,NULL,NULL,NULL,NULL,NULL,NULL,NULL,NULL,NULL,NULL,NULL,NULL,'2024-03-23 12:36:50',6),(99,'Thandra Mahalakshmi','8341726750',NULL,'thandramahalakshmi3015@gmail.com',NULL,NULL,NULL,NULL,NULL,NULL,NULL,NULL,NULL,NULL,NULL,NULL,NULL,'2024-03-23 12:36:50',6),(100,'Prashanth R N','7022149520',NULL,'pprashanthrn@gmail.com',NULL,NULL,NULL,NULL,NULL,NULL,NULL,NULL,NULL,NULL,NULL,NULL,NULL,'2024-03-23 12:36:50',6),(101,'Marchel Sherin Babu.m','8300211781',NULL,'sammarshal1306@gmail.com',NULL,NULL,NULL,NULL,NULL,NULL,NULL,NULL,NULL,NULL,NULL,NULL,NULL,'2024-03-23 12:36:50',1),(102,'Revathi','7418717136',NULL,'veeramanirevathi1@gmail.com',NULL,NULL,NULL,NULL,NULL,NULL,NULL,NULL,NULL,NULL,NULL,NULL,NULL,'2024-03-23 12:36:50',6),(103,'Jengala Shravani','7330785469',NULL,'shravani4415@gmail.com',NULL,NULL,NULL,NULL,NULL,NULL,NULL,NULL,NULL,NULL,NULL,NULL,NULL,'2024-03-23 12:36:50',6),(104,'Dharini','8488062286',NULL,'dharini218@gmail.com',NULL,NULL,NULL,NULL,NULL,NULL,NULL,NULL,NULL,NULL,NULL,NULL,NULL,'2024-03-23 12:36:50',6),(105,'Vishakha Masurkar','7719879914',NULL,'masurkarvishakha98@gmail.com',NULL,NULL,NULL,NULL,NULL,NULL,NULL,NULL,NULL,NULL,NULL,NULL,NULL,'2024-03-23 12:36:50',6),(106,'Sruthi S Nair','7406026988',NULL,'sruthisnair6362@gmail.com',NULL,NULL,NULL,NULL,NULL,NULL,NULL,NULL,NULL,NULL,NULL,NULL,NULL,'2024-03-23 12:36:50',8),(107,'Varusa Poojitha','8790562762','87','poojithavarusa@gmail.com','Bsc Nursing ','2022','74','KNR UNIVERSITY','BONAGIRI','TELUGANA','2','GENERAL MEDICINE',6,8,8,'100000',NULL,'2024-03-23 12:36:50',7),(108,'Gowsalya','6380307972',NULL,'balagowsik143@gmail.com',NULL,NULL,NULL,NULL,NULL,NULL,NULL,NULL,NULL,NULL,NULL,NULL,NULL,'2024-03-23 12:36:50',1),(109,'Sujithra Nayakam','9744398244',NULL,'sujithranayakam@gmail.com',NULL,NULL,NULL,NULL,NULL,NULL,NULL,NULL,NULL,NULL,NULL,NULL,NULL,'2024-03-23 12:36:50',7),(110,'Nezra Joseph','8075909041','9544311261','nezrajosephfeb25@gmail.com','Bsc Nursing ','2020','70%','AMIRTHA ','ERNAKULAM','KERALA','3','Pediatric',1,1,2,'100000.00',NULL,'2024-03-23 12:36:50',7),(111,'Devendra Pandey','7248415815',NULL,'devendrapandey7248@gmail.com',NULL,NULL,NULL,NULL,NULL,NULL,NULL,NULL,NULL,NULL,NULL,NULL,NULL,'2024-03-23 12:36:50',6),(112,'Sapna Rai','6394252379',NULL,'raigudiya1998@gmail.com',NULL,NULL,NULL,NULL,NULL,NULL,NULL,NULL,NULL,NULL,NULL,NULL,NULL,'2024-03-23 12:36:50',1),(113,'Mousumi Sarkar','7003568331',NULL,'sanayasrkr@gmail.com',NULL,NULL,NULL,NULL,NULL,NULL,NULL,NULL,NULL,NULL,NULL,NULL,NULL,'2024-03-23 12:36:50',1),(114,'Janani Murali','9600611551',NULL,'jananimurali021996@gmail.com',NULL,NULL,NULL,NULL,NULL,NULL,NULL,NULL,NULL,NULL,NULL,NULL,NULL,'2024-03-23 12:36:50',1),(115,'Chaudhari Dinesh Dhannaram','8696689515',NULL,'sirvidinesh333@gmail.com',NULL,NULL,NULL,NULL,NULL,NULL,NULL,NULL,NULL,NULL,NULL,NULL,NULL,'2024-03-23 12:36:50',1),(116,'Tamizharasu Thanigasalam','8015441513',NULL,'tamizharasuthanigasalam@gmail.com',NULL,NULL,NULL,NULL,NULL,NULL,NULL,NULL,NULL,NULL,NULL,NULL,NULL,'2024-03-23 12:36:50',1),(117,'Ranjith','8073526118',NULL,'ranjithkumar8073@gmail.com',NULL,NULL,NULL,NULL,NULL,NULL,NULL,NULL,NULL,NULL,NULL,NULL,NULL,'2024-03-23 12:36:50',1),(118,'Akshay Rathod','9322970902',NULL,'vivanshakshayrathod1845@gmail.com',NULL,NULL,NULL,NULL,NULL,NULL,NULL,NULL,NULL,NULL,NULL,NULL,NULL,'2024-03-23 12:36:50',1),(119,'Tsering','8310085345',NULL,'tseringchoedon01@gmail.com',NULL,NULL,NULL,NULL,NULL,NULL,NULL,NULL,NULL,NULL,NULL,NULL,NULL,'2024-03-23 12:36:50',1),(120,'Sahil Pasha M C','9686232692',NULL,'sahilpasha41@gmail.com',NULL,NULL,NULL,NULL,NULL,NULL,NULL,NULL,NULL,NULL,NULL,NULL,NULL,'2024-03-23 12:36:50',1),(121,'Anju.h','9663996249',NULL,'anjuujgare@gmail.com',NULL,NULL,NULL,NULL,NULL,NULL,NULL,NULL,NULL,NULL,NULL,NULL,NULL,'2024-03-23 12:36:50',1),(122,'Jaiprakash','9677328219',NULL,'reachmakerich2020@gmail.com',NULL,NULL,NULL,NULL,NULL,NULL,NULL,NULL,NULL,NULL,NULL,NULL,NULL,'2024-03-23 12:36:50',1),(123,'Sasi','9655385393',NULL,'sasigmu99@gmail.com',NULL,NULL,NULL,NULL,NULL,NULL,NULL,NULL,NULL,NULL,NULL,NULL,NULL,'2024-03-23 12:36:50',1),(124,'Sudip Dey','9083756583',NULL,'deysudip492@gmail.com',NULL,NULL,NULL,NULL,NULL,NULL,NULL,NULL,NULL,NULL,NULL,NULL,NULL,'2024-03-23 12:36:50',1),(125,'Kedaranath Parshatti','7090439595',NULL,'k.m.parshatti98@gmail.com',NULL,NULL,NULL,NULL,NULL,NULL,NULL,NULL,NULL,NULL,NULL,NULL,NULL,'2024-03-23 12:36:50',1),(126,'Vijayamahanthaswamy','7899969844',NULL,'vijaymahantswamy2001@gmail.com',NULL,NULL,NULL,NULL,NULL,NULL,NULL,NULL,NULL,NULL,NULL,NULL,NULL,'2024-03-23 12:36:50',1),(127,'Rossy','9361122657',NULL,'rossydebnath.rb@gmail.com',NULL,NULL,NULL,NULL,NULL,NULL,NULL,NULL,NULL,NULL,NULL,NULL,NULL,'2024-03-23 12:36:50',1),(128,'Shyamala','9866473339',NULL,'shyamalandshravan@gmail.com',NULL,NULL,NULL,NULL,NULL,NULL,NULL,NULL,NULL,NULL,NULL,NULL,NULL,'2024-03-23 12:36:50',1),(129,'Priya Shrestha','8789813285',NULL,'priyashrestha10545@gmail.com',NULL,NULL,NULL,NULL,NULL,NULL,NULL,NULL,NULL,NULL,NULL,NULL,NULL,'2024-03-23 12:36:50',1),(130,'Divya Dipak Naik','7038501139',NULL,'divyanaik957@gmail.com',NULL,NULL,NULL,NULL,NULL,NULL,NULL,NULL,NULL,NULL,NULL,NULL,NULL,'2024-03-23 12:36:50',1),(131,'Sandhya Patel','9399000866',NULL,'sv619.sp@gmail.com',NULL,NULL,NULL,NULL,NULL,NULL,NULL,NULL,NULL,NULL,NULL,NULL,NULL,'2024-03-23 12:36:50',1),(132,'Ujgare Archu','6364713571',NULL,'ujgarearchana713571@gmail.com',NULL,NULL,NULL,NULL,NULL,NULL,NULL,NULL,NULL,NULL,NULL,NULL,NULL,'2024-03-23 12:36:50',1),(133,'Abishek','7548819407',NULL,'abirx20@gmail.com',NULL,NULL,NULL,NULL,NULL,NULL,NULL,NULL,NULL,NULL,NULL,NULL,NULL,'2024-03-23 12:36:50',1),(134,'Rishi Patel','8604908937',NULL,'rp7516218@gmail.com',NULL,NULL,NULL,NULL,NULL,NULL,NULL,NULL,NULL,NULL,NULL,NULL,NULL,'2024-03-23 12:36:50',1),(135,'Gopal Ashok Ubarhande','7447832743',NULL,'ubarhandegopal@123gmail.com',NULL,NULL,NULL,NULL,NULL,NULL,NULL,NULL,NULL,NULL,NULL,NULL,NULL,'2024-03-23 12:36:50',1),(136,'Rajalekshmi. K','9567308499',NULL,'krajalekshmi15@gmail.com',NULL,NULL,NULL,NULL,NULL,NULL,NULL,NULL,NULL,NULL,NULL,NULL,NULL,'2024-03-23 12:36:50',1),(137,'Mahesh Kale','9503347922',NULL,'kalemahesh191@gmail.com',NULL,NULL,NULL,NULL,NULL,NULL,NULL,NULL,NULL,NULL,NULL,NULL,NULL,'2024-03-23 12:36:50',1),(138,'Akash Popatbhai Bhadane','8296647849',NULL,'bhadaneakash07@gmail.com',NULL,NULL,NULL,NULL,NULL,NULL,NULL,NULL,NULL,NULL,NULL,NULL,NULL,'2024-03-23 12:36:50',1),(139,'Prerna Santosh Sawant','7972155462',NULL,'yprernas1999@gmail.com',NULL,NULL,NULL,NULL,NULL,NULL,NULL,NULL,NULL,NULL,NULL,NULL,NULL,'2024-03-23 12:36:50',1),(140,'Hitesh Labana','9024819543',NULL,'nayakhitesh04@gmail.com',NULL,NULL,NULL,NULL,NULL,NULL,NULL,NULL,NULL,NULL,NULL,NULL,NULL,'2024-03-23 12:36:50',1),(141,'Ansar Ahmad','9006773336',NULL,'alamansar99@gmail.com',NULL,NULL,NULL,NULL,NULL,NULL,NULL,NULL,NULL,NULL,NULL,NULL,NULL,'2024-03-23 12:36:50',1),(142,'Gitika Nancy Biswas','8250251590',NULL,'nancybiswas99@gmail.com',NULL,NULL,NULL,NULL,NULL,NULL,NULL,NULL,NULL,NULL,NULL,NULL,NULL,'2024-03-23 12:36:50',1),(143,'Richard Robert Dsouza','7875934964',NULL,'richarddsouza030496@gmail.com',NULL,NULL,NULL,NULL,NULL,NULL,NULL,NULL,NULL,NULL,NULL,NULL,NULL,'2024-03-23 12:36:50',1),(144,'Snehal Sunil Karkare','8097184018',NULL,'karkaresnehal@gmail.com',NULL,NULL,NULL,NULL,NULL,NULL,NULL,NULL,NULL,NULL,NULL,NULL,NULL,'2024-03-23 12:36:50',1),(145,'M. Saritha','8778899626',NULL,'sarithanursing1999@gmail.com',NULL,NULL,NULL,NULL,NULL,NULL,NULL,NULL,NULL,NULL,NULL,NULL,NULL,'2024-03-23 12:36:50',1),(146,'Pratiksha Thange','8856851350',NULL,'pratikshamthange@gmail.com',NULL,NULL,NULL,NULL,NULL,NULL,NULL,NULL,NULL,NULL,NULL,NULL,NULL,'2024-03-23 12:36:50',1),(147,'Anil Saini','6378717862',NULL,'anilsaini90332@gmail.com',NULL,NULL,NULL,NULL,NULL,NULL,NULL,NULL,NULL,NULL,NULL,NULL,NULL,'2024-03-23 12:36:50',1),(148,'Anusha Muniganti','9573611340',NULL,'munigantianusha838@gmail.com',NULL,NULL,NULL,NULL,NULL,NULL,NULL,NULL,NULL,NULL,NULL,NULL,NULL,'2024-03-23 12:36:50',1),(149,'Kunjan','8319456860',NULL,'gunjanmandle047@gmail.com',NULL,NULL,NULL,NULL,NULL,NULL,NULL,NULL,NULL,NULL,NULL,NULL,NULL,'2024-03-23 12:36:50',1),(150,'Kamini Mahabale','7058204752',NULL,'mahabalekamini@gmail.com',NULL,NULL,NULL,NULL,NULL,NULL,NULL,NULL,NULL,NULL,NULL,NULL,NULL,'2024-03-23 12:36:50',1),(151,'Srinivasan','8883778262',NULL,'hhari2928@gmail.com',NULL,NULL,NULL,NULL,NULL,NULL,NULL,NULL,NULL,NULL,NULL,NULL,NULL,'2024-03-23 12:36:50',1),(152,'Keerthana','7904871854',NULL,'keerthanasunitha2017@gmail.com',NULL,NULL,NULL,NULL,NULL,NULL,NULL,NULL,NULL,NULL,NULL,NULL,NULL,'2024-03-23 12:36:50',1),(153,'Teesa Chacko','8129442839',NULL,'teesachacko194@gmail.com',NULL,NULL,NULL,NULL,NULL,NULL,NULL,NULL,NULL,NULL,NULL,NULL,NULL,'2024-03-23 12:36:50',1),(154,'Anusha','7069316437',NULL,'kottalaanusha27@gmail.com',NULL,NULL,NULL,NULL,NULL,NULL,NULL,NULL,NULL,NULL,NULL,NULL,NULL,'2024-03-23 12:36:50',1),(155,'Ajin Raj','8958169566',NULL,'ajinrah361@gmail.com',NULL,NULL,NULL,NULL,NULL,NULL,NULL,NULL,NULL,NULL,NULL,NULL,NULL,'2024-03-23 12:36:50',1),(156,'Shweta Devi','7828152035',NULL,'shwetarajput571@gmail.com',NULL,NULL,NULL,NULL,NULL,NULL,NULL,NULL,NULL,NULL,NULL,NULL,NULL,'2024-03-23 12:36:50',1),(157,'Anshul Patel','8219704921',NULL,'patelanshul835@gmail.com',NULL,NULL,NULL,NULL,NULL,NULL,NULL,NULL,NULL,NULL,NULL,NULL,NULL,'2024-03-23 12:36:50',1),(158,'Sopna R','8876137411',NULL,'sopnadevi0406@gmail.com',NULL,NULL,NULL,NULL,NULL,NULL,NULL,NULL,NULL,NULL,NULL,NULL,NULL,'2024-03-23 12:36:50',1),(159,'Blessy Johnson','8490018579',NULL,'blessyjohnson121@gmail.com',NULL,NULL,NULL,NULL,NULL,NULL,NULL,NULL,NULL,NULL,NULL,NULL,NULL,'2024-03-23 12:36:50',1),(160,'Nazim Ahmad Paray','8667337192',NULL,'paraynazim409@gmail.com',NULL,NULL,NULL,NULL,NULL,NULL,NULL,NULL,NULL,NULL,NULL,NULL,NULL,'2024-03-23 12:36:50',1),(161,'Ekta','7900420049',NULL,'ektaparvin1999@gmail.com',NULL,NULL,NULL,NULL,NULL,NULL,NULL,NULL,NULL,NULL,NULL,NULL,NULL,'2024-03-23 12:36:50',1),(162,'Hayat Ansari','6207707833',NULL,'hayatansari06@gmail.com',NULL,NULL,NULL,NULL,NULL,NULL,NULL,NULL,NULL,NULL,NULL,NULL,NULL,'2024-03-23 12:36:50',1),(163,'Anjana Shaji','7908581695',NULL,'anjanashaji2698@gmail.com',NULL,NULL,NULL,NULL,NULL,NULL,NULL,NULL,NULL,NULL,NULL,NULL,NULL,'2024-03-23 12:36:50',1),(164,'Kavipriya','9734962246',NULL,'kavip1177@gmail.com',NULL,NULL,NULL,NULL,NULL,NULL,NULL,NULL,NULL,NULL,NULL,NULL,NULL,'2024-03-23 12:36:50',1),(165,'Rupin Raj','7439014557',NULL,'rubyram777@gmail.com',NULL,NULL,NULL,NULL,NULL,NULL,NULL,NULL,NULL,NULL,NULL,NULL,NULL,'2024-03-23 12:36:50',1),(166,'Ashesa Hanra','9325512498',NULL,'ashesahanra634@gmail.com',NULL,NULL,NULL,NULL,NULL,NULL,NULL,NULL,NULL,NULL,NULL,NULL,NULL,'2024-03-23 12:36:50',1),(167,'Dhananjay Kale','8951406335',NULL,'dk705747@gmail.com',NULL,NULL,NULL,NULL,NULL,NULL,NULL,NULL,NULL,NULL,NULL,NULL,NULL,'2024-03-23 12:36:50',1),(168,'Aakash Mohane','8270787521',NULL,'skymohane@gmail.com',NULL,NULL,NULL,NULL,NULL,NULL,NULL,NULL,NULL,NULL,NULL,NULL,NULL,'2024-03-23 12:36:50',1),(169,'Veerdeep','9345595940',NULL,'ammydeep7598@gmail.com',NULL,NULL,NULL,NULL,NULL,NULL,NULL,NULL,NULL,NULL,NULL,NULL,NULL,'2024-03-23 12:36:50',1),(170,'Dal Veer','6369540561',NULL,'dalveerkushwah71@gmail.com',NULL,NULL,NULL,NULL,NULL,NULL,NULL,NULL,NULL,NULL,NULL,NULL,NULL,'2024-03-23 12:36:50',1),(171,'Rutuja Padmakar Mhatre','9931529189',NULL,'mhatrerutuja1999@gmail.com',NULL,NULL,NULL,NULL,NULL,NULL,NULL,NULL,NULL,NULL,NULL,NULL,NULL,'2024-03-23 12:36:50',1),(172,'Sandesh Shinde','9940761880',NULL,'sandeshshinde464@gmail.com',NULL,NULL,NULL,NULL,NULL,NULL,NULL,NULL,NULL,NULL,NULL,NULL,NULL,'2024-03-23 12:36:50',1),(173,'Aishwarya Mahapatra','8840586114',NULL,'aish98m@gmail.com',NULL,NULL,NULL,NULL,NULL,NULL,NULL,NULL,NULL,NULL,NULL,NULL,NULL,'2024-03-23 12:36:50',1),(174,'Bhavesh Sindhav','9497403687',NULL,'bhaveshsindhav7874@gmail.com',NULL,NULL,NULL,NULL,NULL,NULL,NULL,NULL,NULL,NULL,NULL,NULL,NULL,'2024-03-23 12:36:50',1),(175,'Pooja Prajapati','8778182813',NULL,'poojaprajpati400@gmail.com',NULL,NULL,NULL,NULL,NULL,NULL,NULL,NULL,NULL,NULL,NULL,NULL,NULL,'2024-03-23 12:36:50',1),(176,'Monisha','6394704989',NULL,'monishpriya98@gmail.com',NULL,NULL,NULL,NULL,NULL,NULL,NULL,NULL,NULL,NULL,NULL,NULL,NULL,'2024-03-23 12:36:50',1),(177,'Tushar Mungale','8979925601',NULL,'tusharmungale169@gmail.com',NULL,NULL,NULL,NULL,NULL,NULL,NULL,NULL,NULL,NULL,NULL,NULL,NULL,'2024-03-23 12:36:50',1),(178,'Libitha.b','7045609406',NULL,'libithalibitha20@gmail.com',NULL,NULL,NULL,NULL,NULL,NULL,NULL,NULL,NULL,NULL,NULL,NULL,NULL,'2024-03-23 12:36:50',1),(179,'Mariam K Abraham','8278387275',NULL,'mariamneenu123@gmail.com',NULL,NULL,NULL,NULL,NULL,NULL,NULL,NULL,NULL,NULL,NULL,NULL,NULL,'2024-03-23 12:36:50',1),(180,'Bindu Karmakar','8279702215',NULL,'bindukarmakar7@gmail.com',NULL,NULL,NULL,NULL,NULL,NULL,NULL,NULL,NULL,NULL,NULL,NULL,NULL,'2024-03-23 12:36:50',1),(181,'Bikram Kumar Rout','9382238298',NULL,'bikram.krt@gmail.com',NULL,NULL,NULL,NULL,NULL,NULL,NULL,NULL,NULL,NULL,NULL,NULL,NULL,'2024-03-23 12:36:50',1),(182,'Kaviya','9834988426',NULL,'ajkaviyadaurairaj@gmail.com',NULL,NULL,NULL,NULL,NULL,NULL,NULL,NULL,NULL,NULL,NULL,NULL,NULL,'2024-03-23 12:36:50',1),(183,'Josephine Vencia','9158962633',NULL,'venciajosephine256@gmail.com',NULL,NULL,NULL,NULL,NULL,NULL,NULL,NULL,NULL,NULL,NULL,NULL,NULL,'2024-03-23 12:36:50',1),(184,'Shahwaz Alam','9310724668',NULL,'shahwazalam3078@gmail.com',NULL,NULL,NULL,NULL,NULL,NULL,NULL,NULL,NULL,NULL,NULL,NULL,NULL,'2024-03-23 12:36:50',1),(185,'Sangeetha','8956289527',NULL,'sangeethagajapaka1999@gmail.com',NULL,NULL,NULL,NULL,NULL,NULL,NULL,NULL,NULL,NULL,NULL,NULL,NULL,'2024-03-23 12:36:50',1),(186,'Lamson','9037199166',NULL,'lamurikz8@gmail.com',NULL,NULL,NULL,NULL,NULL,NULL,NULL,NULL,NULL,NULL,NULL,NULL,NULL,'2024-03-23 12:36:50',1),(187,'Tanveer Ul Islam Khan','8077810597',NULL,'tanveermanan79@gmail.com',NULL,NULL,NULL,NULL,NULL,NULL,NULL,NULL,NULL,NULL,NULL,NULL,NULL,'2024-03-23 12:36:50',1),(188,'Mahima','7031540719',NULL,'mahimanain79@gmail.com',NULL,NULL,NULL,NULL,NULL,NULL,NULL,NULL,NULL,NULL,NULL,NULL,NULL,'2024-03-23 12:36:50',1),(189,'Ripan Das','7995620578',NULL,'ripan7300@gmail.com',NULL,NULL,NULL,NULL,NULL,NULL,NULL,NULL,NULL,NULL,NULL,NULL,NULL,'2024-03-23 12:36:50',1),(190,'Divya .c','9741224278',NULL,'rakshitharakshi9434@gmail.com',NULL,NULL,NULL,NULL,NULL,NULL,NULL,NULL,NULL,NULL,NULL,NULL,NULL,'2024-03-23 12:36:50',1),(191,'Lavanya S','9627630493',NULL,'lavanyasridhar2020@gmail.com',NULL,NULL,NULL,NULL,NULL,NULL,NULL,NULL,NULL,NULL,NULL,NULL,NULL,'2024-03-23 12:36:50',1),(192,'Ranjitha R','9008431061',NULL,'ranjitharamesh252@gmail.com',NULL,NULL,NULL,NULL,NULL,NULL,NULL,NULL,NULL,NULL,NULL,NULL,NULL,'2024-03-23 12:36:50',1),(193,'Oinam Puspa Devi','7356941804',NULL,'khumanpuspasri18@gmail.com',NULL,NULL,NULL,NULL,NULL,NULL,NULL,NULL,NULL,NULL,NULL,NULL,NULL,'2024-03-23 12:36:50',1),(194,'Bidisha Maity','9677391338',NULL,'bidisha.maity17@gmail.com',NULL,NULL,NULL,NULL,NULL,NULL,NULL,NULL,NULL,NULL,NULL,NULL,NULL,'2024-03-23 12:36:50',1),(195,'Anam','9793160854',NULL,'ansarianam122@gmail.com',NULL,NULL,NULL,NULL,NULL,NULL,NULL,NULL,NULL,NULL,NULL,NULL,NULL,'2024-03-23 12:36:50',1),(196,'Saravjeet Kaur','7845559281',NULL,'saravjeetkaur325@gmail.com',NULL,NULL,NULL,NULL,NULL,NULL,NULL,NULL,NULL,NULL,NULL,NULL,NULL,'2024-03-23 12:36:50',1),(197,'Sayjal Kumari','9994679811',NULL,'sayjalmishra999@gmail.com',NULL,NULL,NULL,NULL,NULL,NULL,NULL,NULL,NULL,NULL,NULL,NULL,NULL,'2024-03-23 12:36:50',1),(198,'Hardik Valand','7338990587',NULL,'hardikvaland509@gmail.com',NULL,NULL,NULL,NULL,NULL,NULL,NULL,NULL,NULL,NULL,NULL,NULL,NULL,'2024-03-23 12:36:50',1),(199,'Reshma Dalvi','9611242541',NULL,'reshmadalvi266@gmail.com',NULL,NULL,NULL,NULL,NULL,NULL,NULL,NULL,NULL,NULL,NULL,NULL,NULL,'2024-03-23 12:36:50',1),(200,'Karna Adhilaxmi','9665662889',NULL,'karnaadhilakshmi666@gmail.com',NULL,NULL,NULL,NULL,NULL,NULL,NULL,NULL,NULL,NULL,NULL,NULL,NULL,'2024-03-23 12:36:50',1),(201,'Bala Azhagan D','9207627856',NULL,'balaazhagan420@gmail.com',NULL,NULL,NULL,NULL,NULL,NULL,NULL,NULL,NULL,NULL,NULL,NULL,NULL,'2024-03-23 12:36:50',1),(202,'Shahebaj Shekhalal Tamboli','8500702363',NULL,'tamboli.shahebaj11@gmail.com',NULL,NULL,NULL,NULL,NULL,NULL,NULL,NULL,NULL,NULL,NULL,NULL,NULL,'2024-03-23 12:36:50',1),(203,'Matam Usha','7988365040',NULL,'ushau4613@gmail.com',NULL,NULL,NULL,NULL,NULL,NULL,NULL,NULL,NULL,NULL,NULL,NULL,NULL,'2024-03-23 12:36:50',1),(204,'Chongtham Hemojit Singh','8318649173',NULL,'tonhemo143@gmail.com',NULL,NULL,NULL,NULL,NULL,NULL,NULL,NULL,NULL,NULL,NULL,NULL,NULL,'2024-03-23 12:36:50',1),(205,'Puja Kumari','8928734463',NULL,'pujookumari99@gmail.com',NULL,NULL,NULL,NULL,NULL,NULL,NULL,NULL,NULL,NULL,NULL,NULL,NULL,'2024-03-23 12:36:50',1),(206,'Tejaswi Diwane','8684957299',NULL,'teju.diwane@gmail.com',NULL,NULL,NULL,NULL,NULL,NULL,NULL,NULL,NULL,NULL,NULL,NULL,NULL,'2024-03-23 12:36:50',1),(207,'Shraddha Kashinath Ware','9997494783',NULL,'shraddhaware12@gmail.com',NULL,NULL,NULL,NULL,NULL,NULL,NULL,NULL,NULL,NULL,NULL,NULL,NULL,'2024-03-23 12:36:50',1),(208,'Mushraf Tp','7358484248',NULL,'mushraftp@gmail.com',NULL,NULL,NULL,NULL,NULL,NULL,NULL,NULL,NULL,NULL,NULL,NULL,NULL,'2024-03-23 12:36:50',1),(209,'Siva','8209263656',NULL,'sivakarunakaran698@gmail.com',NULL,NULL,NULL,NULL,NULL,NULL,NULL,NULL,NULL,NULL,NULL,NULL,NULL,'2024-03-23 12:36:50',1),(210,'Priya Thakur','9819644414',NULL,'Thakurpriya041@gmail.com',NULL,NULL,NULL,NULL,NULL,NULL,NULL,NULL,NULL,NULL,NULL,NULL,NULL,'2024-03-23 12:36:50',1),(211,'Pankaj','6266009476',NULL,'chaudharypankajg@gmail.com',NULL,NULL,NULL,NULL,NULL,NULL,NULL,NULL,NULL,NULL,NULL,NULL,NULL,'2024-03-23 12:36:50',1),(212,'Barsha Sinha Mahapatra','9843759785',NULL,'barshasinhamahapatra628@gmail.com',NULL,NULL,NULL,NULL,NULL,NULL,NULL,NULL,NULL,NULL,NULL,NULL,NULL,'2024-03-23 12:36:50',1),(213,'Madhumitha','9596428691',NULL,'madhumitha142599@gmail.com',NULL,NULL,NULL,NULL,NULL,NULL,NULL,NULL,NULL,NULL,NULL,NULL,NULL,'2024-03-23 12:36:50',1),(214,'Ajin Raj','7972614320',NULL,'ajinraj371@gmail.com',NULL,NULL,NULL,NULL,NULL,NULL,NULL,NULL,NULL,NULL,NULL,NULL,NULL,'2024-03-23 12:36:50',1),(215,'Suresh Kumar','7397015477',NULL,'sureshsaxsena565@gmail.com',NULL,NULL,NULL,NULL,NULL,NULL,NULL,NULL,NULL,NULL,NULL,NULL,NULL,'2024-03-23 12:36:50',1),(216,'Faizan Hassan','9514974094',NULL,'faizanhassankgi@gmail.com',NULL,NULL,NULL,NULL,NULL,NULL,NULL,NULL,NULL,NULL,NULL,NULL,NULL,'2024-03-23 12:36:50',1),(217,'Gracy Selvarani','8554061462',NULL,'gracyselvarani698@gmail.com',NULL,NULL,NULL,NULL,NULL,NULL,NULL,NULL,NULL,NULL,NULL,NULL,NULL,'2024-03-23 12:36:50',1),(218,'Disanthi','8921107612',NULL,'disanthl@srmist.edu.in',NULL,NULL,NULL,NULL,NULL,NULL,NULL,NULL,NULL,NULL,NULL,NULL,NULL,'2024-03-23 12:36:50',1),(219,'Rakesh','9346438057',NULL,'kingrakesh2309@gmail.com',NULL,NULL,NULL,NULL,NULL,NULL,NULL,NULL,NULL,NULL,NULL,NULL,NULL,'2024-03-23 12:36:50',1),(220,'Divya','7385744381',NULL,'divyapandeyji56789@gmail.com',NULL,NULL,NULL,NULL,NULL,NULL,NULL,NULL,NULL,NULL,NULL,NULL,NULL,'2024-03-23 12:36:50',1),(221,'Rashmony Mukherjee','8408907634',NULL,'rashmonymukherjee@gmail.com',NULL,NULL,NULL,NULL,NULL,NULL,NULL,NULL,NULL,NULL,NULL,NULL,NULL,'2024-03-23 12:36:50',1),(222,'Gargi Chowdhury','8544798145',NULL,'gargichowdhury2018@gmail.com',NULL,NULL,NULL,NULL,NULL,NULL,NULL,NULL,NULL,NULL,NULL,NULL,NULL,'2024-03-23 12:36:50',1),(223,'Swati','9868201579',NULL,'swati71097@gmail.com',NULL,NULL,NULL,NULL,NULL,NULL,NULL,NULL,NULL,NULL,NULL,NULL,NULL,'2024-03-23 12:36:50',1),(224,'Asalam Shekh','9589224370',NULL,'asalamshekh828@gmail.com',NULL,NULL,NULL,NULL,NULL,NULL,NULL,NULL,NULL,NULL,NULL,NULL,NULL,'2024-03-23 12:36:50',1),(225,'Mohit Kumar','9741995441',NULL,'2199mohitsharma@gmail.com',NULL,NULL,NULL,NULL,NULL,NULL,NULL,NULL,NULL,NULL,NULL,NULL,NULL,'2024-03-23 12:36:50',1),(226,'Karun Raj Kamal','9509799892',NULL,'Karunrajkamal1234@gmail.com',NULL,NULL,NULL,NULL,NULL,NULL,NULL,NULL,NULL,NULL,NULL,NULL,NULL,'2024-03-23 12:36:50',1),(227,'Nivitha','6282494971',NULL,'nivithamurugan10@gmail.com',NULL,NULL,NULL,NULL,NULL,NULL,NULL,NULL,NULL,NULL,NULL,NULL,NULL,'2024-03-23 12:36:50',1),(228,'Gowtham','8890104607',NULL,'rebelsanju1998@gmail.com',NULL,NULL,NULL,NULL,NULL,NULL,NULL,NULL,NULL,NULL,NULL,NULL,NULL,'2024-03-23 12:36:50',1),(229,'Promila','6386278027',NULL,'bhatiapromila90@gmail.com',NULL,NULL,NULL,NULL,NULL,NULL,NULL,NULL,NULL,NULL,NULL,NULL,NULL,'2024-03-23 12:36:50',1),(230,'Kailash Devnani','9016037699',NULL,'kailashdevnani143@gmail.com',NULL,NULL,NULL,NULL,NULL,NULL,NULL,NULL,NULL,NULL,NULL,NULL,NULL,'2024-03-23 12:36:50',1),(231,'Lsaityajit Singh','9611753285',NULL,'saityajitgd@gmail.com',NULL,NULL,NULL,NULL,NULL,NULL,NULL,NULL,NULL,NULL,NULL,NULL,NULL,'2024-03-23 12:36:50',1),(232,'Mirza Shareef Baig','6260584050',NULL,'mirzashareef123@gmail.com',NULL,NULL,NULL,NULL,NULL,NULL,NULL,NULL,NULL,NULL,NULL,NULL,NULL,'2024-03-23 12:36:50',1),(233,'Shahzad Ahmad','9677763874',NULL,'ahmadshahzad1185@gmail.com',NULL,NULL,NULL,NULL,NULL,NULL,NULL,NULL,NULL,NULL,NULL,NULL,NULL,'2024-03-23 12:36:50',1),(234,'Anusha Mary.s','9356735065',NULL,'anushashibu12@gmail.com',NULL,NULL,NULL,NULL,NULL,NULL,NULL,NULL,NULL,NULL,NULL,NULL,NULL,'2024-03-23 12:36:50',1),(235,'Sruthy K U','9989173954',NULL,'sruthyunnikrishnan22@gmail.com',NULL,NULL,NULL,NULL,NULL,NULL,NULL,NULL,NULL,NULL,NULL,NULL,NULL,'2024-03-23 12:36:50',1),(236,'Harshada Sitaram Manjarekar','8111967950',NULL,'harshadamanjarekar204@gmail.com',NULL,NULL,NULL,NULL,NULL,NULL,NULL,NULL,NULL,NULL,NULL,NULL,NULL,'2024-03-23 12:36:50',1),(237,'Shailaja','9740517047','','metigokak123@gmail.com','Bsc Nursing ','2017','70','rajiv gandhi ','bangalore','karnataka','3','GENERAL MEDICINE',6,8,8,'100000',NULL,'2024-03-23 12:36:50',7),(238,'Kajal Rathod','9500601152',NULL,'krishnarathod2512@gmail.com',NULL,NULL,NULL,NULL,NULL,NULL,NULL,NULL,NULL,NULL,NULL,NULL,NULL,'2024-03-23 12:36:50',1),(239,'Ashada Baba','8106393196',NULL,'ashadababa143@gmail.com',NULL,NULL,NULL,NULL,NULL,NULL,NULL,NULL,NULL,NULL,NULL,NULL,NULL,'2024-03-23 12:36:50',6),(240,'Akash Vasant Pawar','8415083299',NULL,'pawarakash715@gmail.com',NULL,NULL,NULL,NULL,NULL,NULL,NULL,NULL,NULL,NULL,NULL,NULL,NULL,'2024-03-23 12:36:50',1),(241,'Beena Balan Pillai','7356942252',NULL,'beenabalanpillai68@gmail.com',NULL,NULL,NULL,NULL,NULL,NULL,NULL,NULL,NULL,NULL,NULL,NULL,NULL,'2024-03-23 12:36:50',1),(242,'Pranesh Das','8436792527',NULL,'praneshdas730@gmail.com',NULL,NULL,NULL,NULL,NULL,NULL,NULL,NULL,NULL,NULL,NULL,NULL,NULL,'2024-03-23 12:36:50',1),(243,'Gurcharan Singh','9817524434',NULL,'gxrchrn@gmail.com',NULL,NULL,NULL,NULL,NULL,NULL,NULL,NULL,NULL,NULL,NULL,NULL,NULL,'2024-03-23 12:36:50',1),(244,'Rehena Khatun','9828628768',NULL,'rehana1751999@gmail.com',NULL,NULL,NULL,NULL,NULL,NULL,NULL,NULL,NULL,NULL,NULL,NULL,NULL,'2024-03-23 12:36:50',1),(245,'Rajaka Komala','9657160378',NULL,'komalac323@gmail.com',NULL,NULL,NULL,NULL,NULL,NULL,NULL,NULL,NULL,NULL,NULL,NULL,NULL,'2024-03-23 12:36:50',1),(246,'Surja Kumar Shome','9304965023',NULL,'surajshome7@gmail.com',NULL,NULL,NULL,NULL,NULL,NULL,NULL,NULL,NULL,NULL,NULL,NULL,NULL,'2024-03-23 12:36:50',1),(247,'Abhishek Sunil Jadhav','9629050619',NULL,'abhijadhav7344@gmail.com',NULL,NULL,NULL,NULL,NULL,NULL,NULL,NULL,NULL,NULL,NULL,NULL,NULL,'2024-03-23 12:36:50',1),(248,'Indumathi','6374971026',NULL,'indunurse12@gmail.com',NULL,NULL,NULL,NULL,NULL,NULL,NULL,NULL,NULL,NULL,NULL,NULL,NULL,'2024-03-23 12:36:50',1),(249,'Mohammed Akbar Khan','8837364870',NULL,'mohdakbarkhan170@gmail.com',NULL,NULL,NULL,NULL,NULL,NULL,NULL,NULL,NULL,NULL,NULL,NULL,NULL,'2024-03-23 12:36:50',6),(250,'Sangeetha Elangovan','8940364236',NULL,'sangeethaelangovan219@gmail.com',NULL,NULL,NULL,NULL,NULL,NULL,NULL,NULL,NULL,NULL,NULL,NULL,NULL,'2024-03-23 12:36:50',1),(251,'Daisy D.t','7708415385',NULL,'disydennis1999@gmail.com',NULL,NULL,NULL,NULL,NULL,NULL,NULL,NULL,NULL,NULL,NULL,NULL,NULL,'2024-03-23 12:36:50',1),(252,'Rohini.m','6350531162',NULL,'sanjusamson0707@gmail.com',NULL,NULL,NULL,NULL,NULL,NULL,NULL,NULL,NULL,NULL,NULL,NULL,NULL,'2024-03-23 12:36:50',1),(253,'Binnni Varughese','7780195147',NULL,'binnivarughese69@gmail.com',NULL,NULL,NULL,NULL,NULL,NULL,NULL,NULL,NULL,NULL,NULL,NULL,NULL,'2024-03-23 12:36:50',6),(254,'Varsha','7742900151',NULL,'varshayadav000123@gmail.com',NULL,NULL,NULL,NULL,NULL,NULL,NULL,NULL,NULL,NULL,NULL,NULL,NULL,'2024-03-23 12:36:50',6),(255,'Saranya S','7550204314',NULL,'ssaranyas840@gmail.com',NULL,NULL,NULL,NULL,NULL,NULL,NULL,NULL,NULL,NULL,NULL,NULL,NULL,'2024-03-23 12:36:50',1),(256,'Gautam Thakur','7005064865',NULL,'akayrajputt@gmail.com',NULL,NULL,NULL,NULL,NULL,NULL,NULL,NULL,NULL,NULL,NULL,NULL,NULL,'2024-03-23 12:36:50',1),(257,'Himanshi','7448188038',NULL,'himanshiprajapati372@gmail.com',NULL,NULL,NULL,NULL,NULL,NULL,NULL,NULL,NULL,NULL,NULL,NULL,NULL,'2024-03-23 12:36:50',1),(258,'Hitesh','9346913284',NULL,'hitesharyan91@gmail.com',NULL,NULL,NULL,NULL,NULL,NULL,NULL,NULL,NULL,NULL,NULL,NULL,NULL,'2024-03-23 12:36:50',6),(259,'Nafisun Nisha Ali','6364829633',NULL,'Nafisunnishaali@gmail.com',NULL,NULL,NULL,NULL,NULL,NULL,NULL,NULL,NULL,NULL,NULL,NULL,NULL,'2024-03-23 12:36:50',1),(260,'Kiran Goldar','9606246761',NULL,'kirgoldar@gmail.com',NULL,NULL,NULL,NULL,NULL,NULL,NULL,NULL,NULL,NULL,NULL,NULL,NULL,'2024-03-23 12:36:50',6),(261,'Taniya','8076590908','8076590908','kragavi2020@gmail.com','Bsc Nursing ','2020','85','CHANDAN SIGHN UNIVERSITY','DELHI ','DELHI','2','ICU',6,2,8,'100000',NULL,'2024-03-23 12:36:50',7),(262,'Keren Sofia','8310606989',NULL,'sofiakeren99@gmail.com',NULL,NULL,NULL,NULL,NULL,NULL,NULL,NULL,NULL,NULL,NULL,NULL,NULL,'2024-03-23 12:36:50',1),(263,'Johannya Jesitha','6003108746',NULL,'johannyajesithayella@gmail.com',NULL,NULL,NULL,NULL,NULL,NULL,NULL,NULL,NULL,NULL,NULL,NULL,NULL,'2024-03-23 12:36:50',6),(264,'Priyanka ','8929671738','8929671738','odetwills@gmail.com','Bsc Nursing ','2020','70','PGI UNIVERSITY','HARYANA','HARYANA','3','Pediatric',2,1,8,'100000',NULL,'2024-03-23 12:36:50',7),(265,'Ravikumar N','9529393736',NULL,'ravikumarn08062000@gmail.com',NULL,NULL,NULL,NULL,NULL,NULL,NULL,NULL,NULL,NULL,NULL,NULL,NULL,'2024-03-23 12:36:50',6),(266,'Bharathi','9664388628',NULL,'mangalakshmimani08@gmail.com',NULL,NULL,NULL,NULL,NULL,NULL,NULL,NULL,NULL,NULL,NULL,NULL,NULL,'2024-03-23 12:36:50',1),(267,'Albina Aher','9021380248',NULL,'aliaher2198@gmail.com',NULL,NULL,NULL,NULL,NULL,NULL,NULL,NULL,NULL,NULL,NULL,NULL,NULL,'2024-03-23 12:36:50',1),(268,'Niraj Jagakar','9179454075',NULL,'niraj1597@icloud.com',NULL,NULL,NULL,NULL,NULL,NULL,NULL,NULL,NULL,NULL,NULL,NULL,NULL,'2024-03-23 12:36:50',6),(269,'Ajeet Yadav','7972315079',NULL,'yadavsuraj202@gmail.com',NULL,NULL,NULL,NULL,NULL,NULL,NULL,NULL,NULL,NULL,NULL,NULL,NULL,'2024-03-23 12:36:50',6),(270,'Manjunaik Kl','9980191408',NULL,'klmanjunaik@gmail.com',NULL,NULL,NULL,NULL,NULL,NULL,NULL,NULL,NULL,NULL,NULL,NULL,NULL,'2024-03-23 12:36:50',6),(271,'Aman Mohd Qureshi','9373330903',NULL,'amanqurrshi111@gmail.con',NULL,NULL,NULL,NULL,NULL,NULL,NULL,NULL,NULL,NULL,NULL,NULL,NULL,'2024-03-23 12:36:50',6),(272,'Kajal Sharma','8652276732',NULL,'kajalsharma3091@gmail.com',NULL,NULL,NULL,NULL,NULL,NULL,NULL,NULL,NULL,NULL,NULL,NULL,NULL,'2024-03-23 12:36:50',6),(273,'Pratiksha Borkar','8744899801',NULL,'pratikshaborkar1997@gmail.com',NULL,NULL,NULL,NULL,NULL,NULL,NULL,NULL,NULL,NULL,NULL,NULL,NULL,'2024-03-23 12:36:50',6),(274,'Naorem Chalamba Meitei','9497620083',NULL,'chalambanaorem123@gmail.com',NULL,NULL,NULL,NULL,NULL,NULL,NULL,NULL,NULL,NULL,NULL,NULL,NULL,'2024-03-23 12:36:50',6),(275,'Anupa','9522416513',NULL,'anupaaniyan920@gmail.com',NULL,NULL,NULL,NULL,NULL,NULL,NULL,NULL,NULL,NULL,NULL,NULL,NULL,'2024-03-23 12:36:50',6),(276,'Shadab Bhai','8250848100',NULL,'mhmmadshadabvahora@gmail.com',NULL,NULL,NULL,NULL,NULL,NULL,NULL,NULL,NULL,NULL,NULL,NULL,NULL,'2024-03-23 12:36:50',6),(277,'Parmar Pranali','7058002988',NULL,'parmarpranali8936@gmail.com',NULL,NULL,NULL,NULL,NULL,NULL,NULL,NULL,NULL,NULL,NULL,NULL,NULL,'2024-03-23 12:36:50',1),(278,'Sayyid','7826947879',NULL,'sayyidrishad9497@gmail.com',NULL,NULL,NULL,NULL,NULL,NULL,NULL,NULL,NULL,NULL,NULL,NULL,NULL,'2024-03-23 12:36:50',6),(279,'Jayshri Jorvekar','7660070168',NULL,'jorvekarjayshree00@gmail.com',NULL,NULL,NULL,NULL,NULL,NULL,NULL,NULL,NULL,NULL,NULL,NULL,NULL,'2024-03-23 12:36:50',6),(280,'Kanupriya Butola','7356242694',NULL,'kanubutola@gmail.com',NULL,NULL,NULL,NULL,NULL,NULL,NULL,NULL,NULL,NULL,NULL,NULL,NULL,'2024-03-23 12:36:50',1),(281,'Yanda Suribabu','6005974384',NULL,'sureshyanda98@gmail.com',NULL,NULL,NULL,NULL,NULL,NULL,NULL,NULL,NULL,NULL,NULL,NULL,NULL,'2024-03-23 12:36:50',6),(282,'GARCE MARY','9346537684','9346537684','ashuchouhan62807@gmail.com','Bsc Nursing ','2022','64','KNR UNIVERSITY','HYDERABAD','TELUGANA','2','periodic ',6,1,2,'100000',NULL,'2024-03-23 12:36:50',7),(283,'Injamamul Haque','9150611635',NULL,'cvs41125@gmail.com',NULL,NULL,NULL,NULL,NULL,NULL,NULL,NULL,NULL,NULL,NULL,NULL,NULL,'2024-03-23 12:36:50',6),(284,'Devipriya','7026960630',NULL,'devipriya9268@gmail.com',NULL,NULL,NULL,NULL,NULL,NULL,NULL,NULL,NULL,NULL,NULL,NULL,NULL,'2024-03-23 12:36:50',1),(285,'Prajakta Popat Gawali','8113903350','','prajaktagawali99@gmail.com','','','','','','','','',8,8,8,'',NULL,'2024-03-23 12:36:50',1),(286,'Sahil Bhagat','8075877194',NULL,'sahilaryan.710@gmail.com',NULL,NULL,NULL,NULL,NULL,NULL,NULL,NULL,NULL,NULL,NULL,NULL,NULL,'2024-03-23 12:36:50',6),(287,'Khulan Townthang Tarao','6390677770',NULL,'hadesnangsha@gmail.com',NULL,NULL,NULL,NULL,NULL,NULL,NULL,NULL,NULL,NULL,NULL,NULL,NULL,'2024-03-23 12:36:50',9),(288,'Mathankeri Soni','9538638565',NULL,'sony.manishadoll@gmail.com',NULL,NULL,NULL,NULL,NULL,NULL,NULL,NULL,NULL,NULL,NULL,NULL,NULL,'2024-03-23 12:36:50',6),(289,'Jahira Banu','9233292917',NULL,'jahiranisar@gmail.com',NULL,NULL,NULL,NULL,NULL,NULL,NULL,NULL,NULL,NULL,NULL,NULL,NULL,'2024-03-23 12:36:50',6);
/*!40000 ALTER TABLE `crm_profile` ENABLE KEYS */;
UNLOCK TABLES;

--
-- Table structure for table `crm_role`
--

DROP TABLE IF EXISTS `crm_role`;
/*!40101 SET @saved_cs_client     = @@character_set_client */;
/*!50503 SET character_set_client = utf8mb4 */;
CREATE TABLE `crm_role` (
  `role_id` int NOT NULL AUTO_INCREMENT,
  `role_name` varchar(255) DEFAULT NULL,
  PRIMARY KEY (`role_id`)
) ENGINE=InnoDB AUTO_INCREMENT=5 DEFAULT CHARSET=utf8mb4 COLLATE=utf8mb4_0900_ai_ci;
/*!40101 SET character_set_client = @saved_cs_client */;

--
-- Dumping data for table `crm_role`
--

LOCK TABLES `crm_role` WRITE;
/*!40000 ALTER TABLE `crm_role` DISABLE KEYS */;
INSERT INTO `crm_role` VALUES (1,'Admin'),(2,'senior manager'),(3,'BDM'),(4,'BDE');
/*!40000 ALTER TABLE `crm_role` ENABLE KEYS */;
UNLOCK TABLES;

--
-- Table structure for table `crm_user`
--

DROP TABLE IF EXISTS `crm_user`;
/*!40101 SET @saved_cs_client     = @@character_set_client */;
/*!50503 SET character_set_client = utf8mb4 */;
CREATE TABLE `crm_user` (
  `user_id` varchar(100) DEFAULT NULL,
  `name` varchar(255) DEFAULT NULL,
  `employed_id` int DEFAULT NULL,
  `employed_phone_number` varchar(15) DEFAULT NULL,
  `email_id` varchar(255) DEFAULT NULL,
  `password` varchar(255) DEFAULT NULL,
  `head_name` varchar(255) DEFAULT NULL,
  `role_id` int DEFAULT NULL,
  KEY `role_id` (`role_id`),
  CONSTRAINT `crm_user_ibfk_1` FOREIGN KEY (`role_id`) REFERENCES `crm_role` (`role_id`)
) ENGINE=InnoDB DEFAULT CHARSET=utf8mb4 COLLATE=utf8mb4_0900_ai_ci;
/*!40101 SET character_set_client = @saved_cs_client */;

--
-- Dumping data for table `crm_user`
--

LOCK TABLES `crm_user` WRITE;
/*!40000 ALTER TABLE `crm_user` DISABLE KEYS */;
INSERT INTO `crm_user` VALUES ('76','krishnapriya',902033,'9500844445','krishnapriya.p@kggeniuslabs.com','kp@123','admin',2),('38','admin',1,'9363466093','nursingjobs@kggeniuslabs.com','admin@123','admin',1),('29','johnpaul',902918,'9994736580','johnpaul.j@kggeniuslabs.com','john@123','krishnapriya',2),('1','ram',898734,'9988003213','ram@kggeniuslabs.com','ram@123','johnpaul',4),('54','Vivin Richard',903137,'8838585398','vivin.r@kgisl.microcollege.in','vivin903137','admin',4);
/*!40000 ALTER TABLE `crm_user` ENABLE KEYS */;
UNLOCK TABLES;
/*!40103 SET TIME_ZONE=@OLD_TIME_ZONE */;

/*!40101 SET SQL_MODE=@OLD_SQL_MODE */;
/*!40014 SET FOREIGN_KEY_CHECKS=@OLD_FOREIGN_KEY_CHECKS */;
/*!40014 SET UNIQUE_CHECKS=@OLD_UNIQUE_CHECKS */;
/*!40101 SET CHARACTER_SET_CLIENT=@OLD_CHARACTER_SET_CLIENT */;
/*!40101 SET CHARACTER_SET_RESULTS=@OLD_CHARACTER_SET_RESULTS */;
/*!40101 SET COLLATION_CONNECTION=@OLD_COLLATION_CONNECTION */;
/*!40111 SET SQL_NOTES=@OLD_SQL_NOTES */;

-- Dump completed on 2024-04-20 15:54:43
